id,body_text_nostop
0,"['gare', 'havre', 'gare', 'parisstlazare']"
1,"['gare', 'dieppe', 'gare', 'parisstlazare']"
2,"['gare', 'parisstlazare', 'gare', 'rouenrivedroite']"
3,"['gare', 'cherbourg', 'gare', 'parisstlazare']"
4,"['gare', 'caen', 'gare', 'parisstlazare']"
5,"['gare', 'parisstlazare', 'gare', 'trouvilledeauville']"
6,"['gare', 'granville', 'gare', 'parismontp3vaug']"
7,"['gare', 'granville', 'gare', 'parismontparnasse', '12']"
8,"['gare', 'dreux', 'gare', 'granville']"
9,"['gare', 'bourges', 'gare', 'parisausterlitz']"
10,"['gare', 'parisausterlitz', 'gare', 'vierzon']"
11,"['gare', 'bourges', 'gare', 'parisbercy']"
12,"['gare', 'nevers', 'gare', 'parisausterlitz']"
13,"['gare', 'bourges', 'gare', 'nevers']"
14,"['gare', 'nevers', 'gare', 'parisbercy']"
15,"['gare', 'nevers', 'gare', 'parisgaredelyon']"
16,"['gare', 'argentan', 'gare', 'parismontp3vaug']"
17,"['gare', 'orléans', 'gare', 'parisausterlitz']"
18,"['gare', 'parisausterlitz', 'gare', 'tours']"
19,"['gare', 'orléans', 'gare', 'tours']"
20,"['gare', 'aubraisles', 'gare', 'parisausterlitz']"
21,"['gare', 'parisbercy', 'gare', 'tours']"
22,"['gare', 'orléans', 'gare', 'parisbercy']"
23,"['gare', 'parisausterlitz', 'gare', 'stpierredescorps']"
24,"['gare', 'calais', 'ville', 'gare', 'paris', 'gare', 'nord']"
25,"['gare', 'boulogne', 'ville', 'gare', 'paris', 'gare', 'nord']"
26,"['gare', 'amiens', 'gare', 'calais', 'ville']"
27,"['gare', 'boulogne', 'ville', 'gare', 'calais', 'ville']"
28,"['gare', 'amiens', 'gare', 'boulogne', 'ville']"
29,"['gare', 'amiens', 'gare', 'paris', 'gare', 'nord']"
30,"['gare', 'cambrai', 'ville', 'gare', 'paris', 'gare', 'nord']"
31,"['gare', 'maubeuge', 'gare', 'paris', 'gare', 'nord']"
32,"['gare', 'paris', 'gare', 'nord', 'gare', 'st', 'quentin']"
33,"['gare', 'compiègne', 'gare', 'maubeuge']"
34,"['gare', 'argentan', 'gare', 'dreux']"
35,"['gare', 'caen', 'gare', 'mans']"
36,"['gare', 'caen', 'gare', 'tours']"
37,"['gare', 'mans', 'gare', 'parismontparnasse', '12']"
38,"['gare', 'nogentlerotrou', 'gare', 'parismontparnasse', '12']"
39,"['gare', 'chartres', 'gare', 'parismontparnasse', '12']"
40,"['gare', 'chartres', 'gare', 'mans']"
41,"['gare', 'bloischambord', 'gare', 'tours']"
42,"['gare', 'lyonperrache', 'gare', 'tours']"
43,"['gare', 'lyonperrache', 'gare', 'nevers']"
44,"['gare', 'latourdecarolenveitg', 'gare', 'villefranchevernetlb']"
45,"['gare', 'fontromeuodeillovia', 'gare', 'villefranchevernetlb']"
46,"['gare', 'briançon', 'gare', 'romansbourgdepéage']"
47,"['gare', 'briançon', 'gare', 'veynesdévoluy']"
48,"['gare', 'romansbourgdepéage', 'gare', 'veynesdévoluy']"
49,"['gare', 'gap', 'gare', 'romansbourgdepéage']"
50,"['gare', 'briançon', 'gare', 'gap']"
51,"['gare', 'briançon', 'gare', 'valenceville']"
52,"['gare', 'briançon', 'gare', 'marseillestcharles']"
53,"['gare', 'gap', 'gare', 'marseillestcharles']"
54,"['gare', 'aixenprovence', 'gare', 'marseillestcharles']"
55,"['gare', 'marseillestcharles', 'gare', 'niceville']"
56,"['gare', 'arcsdraguignan', 'gare', 'marseillestcharles']"
57,"['gare', 'grenoble', 'gare', 'valenceville']"
58,"['gare', 'chambérychalleseaux', 'gare', 'valenceville']"
59,"['gare', 'annecy', 'gare', 'valenceville']"
60,"['gare', 'annecy', 'gare', 'chambérychalleseaux']"
61,"['gare', 'annecy', 'gare', 'avignoncentre']"
62,"['gare', 'annecy', 'gare', 'grenoble']"
63,"['gare', 'grenoble', 'gare', 'lyonpartdieu']"
64,"['gare', 'avignoncentre', 'gare', 'lyonpartdieu']"
65,"['gare', 'lyonpartdieu', 'gare', 'marseillestcharles']"
66,"['gare', 'avignoncentre', 'gare', 'marseillestcharles']"
67,"['gare', 'dijonville', 'gare', 'parisbercy']"
68,"['gare', 'dijonville', 'gare', 'parisgaredelyon']"
69,"['gare', 'lyonpartdieu', 'gare', 'sens']"
70,"['gare', 'lyonpartdieu', 'gare', 'parisbercy']"
71,"['gare', 'dijonville', 'gare', 'lyonpartdieu']"
72,"['gare', 'lyonpartdieu', 'gare', 'parisgaredelyon']"
73,"['gare', 'mâconville', 'gare', 'parisbercy']"
74,"['gare', 'dijonville', 'gare', 'mâconville']"
75,"['gare', 'mâconville', 'gare', 'parisgaredelyon']"
76,"['gare', 'lyonperrache', 'gare', 'parisbercy']"
77,"['gare', 'dijonville', 'gare', 'lyonperrache']"
78,"['gare', 'lyonperrache', 'gare', 'parisgaredelyon']"
79,"['gare', 'bourgstmaurice', 'gare', 'lyonpartdieu']"
80,"['gare', 'bourgstmaurice', 'gare', 'bourgoinjallieu']"
81,"['gare', 'albertville', 'gare', 'bourgoinjallieu']"
82,"['gare', 'chambérychalleseaux', 'gare', 'lyonpartdieu']"
83,"['gare', 'bourgoinjallieu', 'gare', 'chambérychalleseaux']"
84,"['gare', 'chauxdefonds', 'gare', 'morteau']"
85,"['gare', 'besançonviotte', 'gare', 'chauxdefonds']"
86,"['gare', 'besançonmouillère', 'gare', 'chauxdefonds']"
87,"['gare', 'pontarlier', 'gare', 'vallorbecff']"
88,"['gare', 'frasne', 'gare', 'neuchâtel']"
89,"['gare', 'neuchâtel', 'gare', 'travers']"
90,"['gare', 'doleville', 'gare', 'vallorbecff']"
91,"['gare', 'frasne', 'gare', 'vallorbecff']"
92,"['gare', 'delémont', 'gare', 'meroux']"
93,"['gare', 'delle', 'gare', 'delémont']"
94,"['gare', 'biel', 'gare', 'meroux']"
95,"['gare', 'biel', 'gare', 'delle']"
96,"['gare', 'lyonpartdieu', 'gare', 'modane']"
97,"['gare', 'aixlesbainslerevard', 'gare', 'lyonpartdieu']"
98,"['gare', 'stgervaislblefayet', 'gare', 'vallorcine']"
99,"['gare', 'chamonixmontblanc', 'gare', 'vallorcine']"
100,"['gare', 'chamonixmontblanc', 'gare', 'stgervaislblefayet']"
101,"['gare', 'aulnoye', 'aymeries', 'gare', 'mons']"
102,"['gare', 'courtraikortrijk', 'gare', 'lille', 'flandres']"
103,"['gare', 'maubeuge', 'gare', 'namur']"
104,"['gare', 'lille', 'flandres', 'gare', 'tournai']"
105,"['gare', 'brivelagaillarde', 'gare', 'ussel']"
106,"['gare', 'dijonville', 'gare', 'nevers']"
107,"['gare', 'creusot', 'gare', 'montchanin']"
108,"['gare', 'niceville', 'gare', 'tende']"
109,"['gare', 'breilsurroya', 'gare', 'niceville']"
110,"['gare', 'annemasse', 'gare', 'coppet']"
111,"['gare', 'decize', 'gare', 'nevers']"
112,"['gare', 'annemasse', 'gare', 'genève']"
113,"['gare', 'coppet', 'gare', 'evianlesbains']"
114,"['gare', 'coppet', 'gare', 'thononlesbains']"
115,"['gare', 'annemasse', 'gare', 'thononlesbains']"
116,"['gare', 'annecy', 'gare', 'genève']"
117,"['gare', 'annecy', 'gare', 'coppet']"
118,"['gare', 'coppet', 'gare', 'rochesurforon']"
119,"['gare', 'coppet', 'gare', 'stgervaislblefayet']"
120,"['gare', 'cluses', 'htesavoie', 'gare', 'coppet']"
121,"['gare', 'forbach', 'gare', 'metzville']"
122,"['gare', 'bening', 'gare', 'metzville']"
123,"['bitche', 'gare', 'haguenau']"
124,"['bitche', 'gare', 'niederbronn']"
125,"['bitchecamp', 'gare', 'niederbronn']"
126,"['gare', 'haguenau', 'gare', 'niederbronn']"
127,"['bitchecamp', 'gare', 'haguenau']"
128,"['gare', 'haguenau', 'gare', 'strasbourg']"
129,"['gare', 'haguenau', 'gare', 'wissembourg']"
130,"['bouxwillerschattenmann', 'haguenaumoulinneuf']"
131,"['gare', 'saverne', 'niedermodernuberach']"
132,"['gare', 'ingwiller', 'haguenaumoulinneuf']"
133,"['dossenheimmairie', 'haguenaumoulinneuf']"
134,"['gare', 'obermodern', 'savernehtbarr']"
135,"['gare', 'ingwiller', 'savernehtbarr']"
136,"['gare', 'saverne', 'haguenaumoulinneuf']"
137,"['bouxwillerbabenhausen', 'dossenheimmairie']"
138,"['bouxwillerschattenmann', 'niedermodernuberach']"
139,"['bouxwillerschattenmann', 'gare', 'obermodern']"
140,"['gare', 'obermodern', 'haguenaumoulinneuf']"
141,"['gare', 'obermodern', 'gare', 'saverne']"
142,"['gare', 'obermodern', 'niedermodernuberach']"
143,"['bouxwillerbabenhausen', 'niedermodernuberach']"
144,"['dossenheimmairie', 'gare', 'obermodern']"
145,"['gare', 'saverne', 'neuwillerrbouxwiller']"
146,"['gare', 'obermodern', 'pfaffenhoffenmairie']"
147,"['gare', 'saverne', 'pfaffenhoffenmairie']"
148,"['gare', 'strasbourg', 'gare', 'sélestat']"
149,"['gare', 'benfeld', 'gare', 'strasbourg']"
150,"['gare', 'colmar', 'gare', 'raedersheim']"
151,"['buswillereglise', 'gare', 'mommenheim']"
152,"['ettendorfpldelecol', 'gare', 'mommenheim']"
153,"['ettendorfanglepont', 'gare', 'mommenheim']"
154,"['bouxwillerbabenhausen', 'gare', 'mommenheim']"
155,"['gare', 'diemeringen', 'gare', 'sarreguemines']"
156,"['gare', 'sarreguemines', 'gare', 'strasbourg']"
157,"['gare', 'diemeringen', 'gare', 'strasbourg']"
158,"['gare', 'strasbourg', 'gare', 'wingensurmoder']"
159,"['gare', 'ingwiller', 'reipertswillersp']"
160,"['gare', 'ingwiller', 'lichtenbergeglise']"
161,"['gare', 'saverne', 'gare', 'strasbourg']"
162,"['gare', 'lutzelbourg', 'gare', 'saverne']"
163,"['gare', 'kruth', 'thann', 'arrêt', 'poste']"
164,"['gare', 'kruth', 'gare', 'mulhouse']"
165,"['gare', 'kruth', 'gare', 'thann']"
166,"['gare', 'kruth', 'gare', 'wesserling']"
167,"['gare', 'colmar', 'gare', 'metzeral']"
168,"['gare', 'cernay', 'hautrhin', 'seweneglise']"
169,"['cernaylycée', 'seweneglise']"
170,"['gare', 'baselsbb', 'gare', 'mulhouse']"
171,"['gare', 'ingwiller', 'savernelycéeverne']"
172,"['frohmuhl', 'lavoir', 'savernehtbarr']"
173,"['frohmuhl', 'lavoir', 'gare', 'saverne']"
174,"['frohmuhl', 'lavoir', 'savernelycéeverne']"
175,"['gare', 'saverne', 'hattmattspolyvalente']"
176,"['hattmattspolyvalente', 'savernepldragons']"
177,"['hattmattspolyvalente', 'savernelycéeverne']"
178,"['hattmattspolyvalente', 'savernehtbarr']"
179,"['gare', 'herrlisheim', 'basrhin', 'gare', 'strasbourg']"
180,"['gare', 'lauterbourg', 'gare', 'roeschwoog']"
181,"['gare', 'entzheimaéroport', 'gare', 'strasbourg']"
182,"['gare', 'barr', 'gare', 'molsheim']"
183,"['gare', 'molsheim', 'gare', 'strasbourg']"
184,"['gare', 'barr', 'gare', 'strasbourg']"
185,"['gare', 'molsheim', 'gare', 'sélestat']"
186,"['gare', 'rothau', 'gare', 'strasbourg']"
187,"['gare', 'saales', 'gare', 'strasbourg']"
188,"['gare', 'altkirch', 'gare', 'mulhouse']"
189,"['gare', 'belfortville', 'gare', 'mulhouse']"
190,"['gare', 'belfortville', 'gare', 'montreuxvieux']"
191,"['gare', 'sélestat', 'ribeauvillegareroutiè']"
192,"['gare', 'sélestat', 'riquewihrposte']"
193,"['gare', 'sélestat', 'stemarieminesmaire']"
194,"['gare', 'stdiédesvosges', 'gare', 'sélestat']"
195,"['gare', 'sélestat', 'stemariemsthéâtre']"
196,"['stecroixminessqdeg', 'sèlestatschwilgué']"
197,"['gare', 'sélestat', 'stemariemsplcdg']"
198,"['stemarieminesmaire', 'sèlestatschwilgué']"
199,"['liepvrerguth', 'sèlestatschwilgué']"
200,"['stemariemsplcdg', 'sélestatschweisguth']"
201,"['gare', 'sélestat', 'lièpvrertevancelle']"
202,"['gare', 'montluçonville', 'gare', 'vierzon']"
203,"['laqueuille', 'lemontdoregare']"
204,"['gare', 'clermontferrand', 'gare', 'gannat']"
205,"['gare', 'gannat', 'gare', 'riomchâtelguyon']"
206,"['gare', 'aurillac', 'gare', 'stdenisprèsmartel']"
207,"['gare', 'aurillac', 'gare', 'capdenac']"
208,"['gare', 'montluçonville', 'gare', 'vichy']"
209,"['gare', 'clermontferrand', 'lemontdoregare']"
210,"['gare', 'clermontferrand', 'saintetiennechtx', 'gr']"
211,"['gare', 'thiers', 'saintetiennechtx', 'gr']"
212,"['gare', 'clermontferrand', 'gare', 'puyenvelay']"
213,"['gare', 'clermontferrand', 'gare', 'montluçonville']"
214,"['gare', 'montluçonville', 'gare', 'riomchâtelguyon']"
215,"['gare', 'arvant', 'gare', 'aurillac']"
216,"['gare', 'moulinssurallier', 'gare', 'vichy']"
217,"['gare', 'clermontferrand', 'gare', 'thiers']"
218,"['gare', 'clermontferrand', 'gare', 'volvic']"
219,"['ancizesstgeorgesbour', 'gare', 'volvic']"
220,"['gare', 'montluçonville', 'urcayhoteldulyondo']"
221,"['gare', 'montluçonville', 'gare', 'stamandmontrondorval']"
222,"['gare', 'thiers', 'gare', 'vertaizon']"
223,"['gare', 'montluçonville', 'steloy']"
224,"['gare', 'lapeyrousepuydedôme', 'steloylesmineslycée']"
225,"['ancizesstgeorgesbour', 'gare', 'clermontferrand']"
226,"['gare', 'clermontferrand', 'stgervaismairie']"
227,"['gare', 'clermontferrand', 'mont', 'dore', 'ski']"
228,"['gare', 'clermontferrand', 'gare', 'vertaizon']"
229,"['gare', 'volvic', 'steloy']"
230,"['gare', 'arvant', 'stflourlesallées']"
231,"['gare', 'massiacblesle', 'stflourlesallées']"
232,"['gare', 'arvant', 'gare', 'stchélydapcher']"
233,"['gare', 'clermontferrand', 'mauriaclycéecortat']"
234,"['gare', 'lapeyrousepuydedôme', 'steloy']"
235,"['gare', 'clermontferrand', 'mauriac']"
236,"['gare', 'riomchâtelguyon', 'stgervaischlpa']"
237,"['gare', 'montluçonville', 'stgervaischlpa']"
238,"['gare', 'neussargues', 'riomesmlaposte']"
239,"['gare', 'clermontferrand', 'stflourlesallées']"
240,"['gare', 'neussargues', 'gare', 'stchélydapcher']"
241,"['gare', 'neussargues', 'gare', 'stflourchaudesaigues']"
242,"['gare', 'stchélydapcher', 'stflourlesallées']"
243,"['gare', 'massiacblesle', 'gare', 'stchélydapcher']"
244,"['gare', 'volvic', 'pontgibaudville']"
245,"['brioudelycéelafayette', 'gare', 'brioude']"
246,"['gare', 'langeac', 'gare', 'stgeorgesdaurac']"
247,"['gare', 'langeac', 'stgeorgedauracbourg']"
248,"['gare', 'brioude', 'gare', 'langeac']"
249,"['gare', 'brioude', 'gare', 'puyenvelay']"
250,"['gare', 'langeac', 'gare', 'puyenvelay']"
251,"['gare', 'puyenvelay', 'gare', 'stgeorgesdaurac']"
252,"['gare', 'arvant', 'gare', 'puyenvelay']"
253,"['gare', 'puyenvelay', 'saintetiennechtx', 'gr']"
254,"['gare', 'puyenvelay', 'chaisedieu']"
255,"['ambert', 'gare', 'puyenvelay']"
256,"['ambert', 'gare', 'vichy']"
257,"['gare', 'pontdedore', 'gare', 'vichy']"
258,"['gare', 'ussel', 'laqueuille']"
259,"['gare', 'arvant', 'gare', 'issoire']"
260,"['gare', 'viclecomte', 'issoirelycéedeville']"
261,"['gare', 'issoire', 'lebreuilsurcouzelyc']"
262,"['gare', 'brioude', 'gare', 'issoire']"
263,"['gare', 'clermontferrand', 'gare', 'ussel']"
264,"['gare', 'luzynièvre', 'gare', 'nevers']"
265,"['gare', 'cercylatour', 'gare', 'nevers']"
266,"['gare', 'autun', 'gare', 'etang']"
267,"['gare', 'autun', 'gare', 'creusot']"
268,"['gare', 'autun', 'gare', 'montchanin']"
269,"['gare', 'moulinssurallier', 'gare', 'nevers']"
270,"['gare', 'nevers', 'gare', 'stpierrelemoûtier']"
271,"['gare', 'moulinssurallier', 'gare', 'paraylemonial']"
272,"['chauffaillesgambetta', 'gare', 'digoin']"
273,"['gare', 'digoin', 'gare', 'lozanne']"
274,"['gare', 'louhans', 'gare', 'seurre']"
275,"['gare', 'bourgenbresse', 'gare', 'seurre']"
276,"['gare', 'auxerrestgervais', 'gare', 'avallon']"
277,"['gare', 'auxerrestgervais', 'gare', 'clamecy']"
278,"['gare', 'auxerrestgervais', 'gare', 'corbigny']"
279,"['gare', 'clamecy', 'gare', 'corbigny']"
280,"['gare', 'lorient', 'gare', 'quimperlé']"
281,"['châteaubriant', 'gare', 'janzé']"
282,"['châteaubriant', 'gare', 'retiers']"
283,"['gare', 'dinan', 'gare', 'dol']"
284,"['gare', 'valençay', 'luçaylemale']"
285,"['gare', 'romorantinblancargent', 'gare', 'salbris']"
286,"['gare', 'faubourgdorléans', 'gare', 'romorantinblancargent']"
287,"['gare', 'faubourgdorléans', 'gare', 'valençay']"
288,"['fertésurchiers', 'sedanplacecalonne']"
289,"['gare', 'châlonsenchampagne', 'gare', 'verdun']"
290,"['gare', 'stdizier', 'gare', 'vitrylefrançois']"
291,"['gare', 'joinville', 'gare', 'stdizier']"
292,"['gare', 'chaumont', 'gare', 'stdizier']"
293,"['gare', 'chaumont', 'gare', 'joinville']"
294,"['gare', 'chaumont', 'langresgendarmerie']"
295,"['gare', 'chaumont', 'gare', 'troyes']"
296,"['gare', 'barsuraube', 'juvancourt']"
297,"['gare', 'barsuraube', 'gare', 'troyes']"
298,"['gare', 'troyes', 'gare', 'vendeuvre', 'aube']"
299,"['bayeleglise', 'juvancourt']"
300,"['gare', 'chaumont', 'gare', 'vendeuvre', 'aube']"
301,"['gare', 'vendeuvre', 'aube', 'juvancourt']"
302,"['gare', 'chaumont', 'villesouslaferté']"
303,"['briconla', 'poste', 'gare', 'chaumont']"
304,"['gare', 'stflorentinvergigny', 'gare', 'troyes']"
305,"['gare', 'larochemigennes', 'gare', 'troyes']"
306,"['gare', 'romillysurseine', 'gare', 'troyes']"
307,"['gare', 'troyes', 'payns', 'abri', 'savières']"
308,"['gare', 'nogentsurseine', 'gare', 'romillysurseine']"
309,"['gare', 'charlevillemézières', 'gare', 'hirson']"
310,"['gare', 'fismes', 'gare', 'reims']"
311,"['gare', 'aillevillers', 'gare', 'belfortville']"
312,"['gare', 'aillevillers', 'gare', 'lure']"
313,"['gare', 'besançonviotte', 'gare', 'morteau']"
314,"['gare', 'locle', 'gare', 'morteau']"
315,"['gare', 'valdahon', 'gare', 'morteau']"
316,"['gare', 'doleville', 'gare', 'mouchard']"
317,"['gare', 'lonslesaunier', 'gare', 'mouchard']"
318,"['gare', 'mouchard', 'gare', 'poligny']"
319,"['gare', 'besançonviotte', 'gare', 'mouchard']"
320,"['gare', 'frasne', 'gare', 'pontarlier']"
321,"['dompierrehalterout', 'gare', 'pontarlier']"
322,"['gare', 'pontarlier', 'grangesnarboz']"
323,"['gare', 'frasne', 'jougne']"
324,"['gare', 'champagnole', 'gare', 'saintclaude']"
325,"['gare', 'champagnolepevictor', 'gare', 'doleville']"
326,"['gare', 'andelot', 'gare', 'saintclaude']"
327,"['gare', 'doleville', 'gare', 'saintclaude']"
328,"['gare', 'mouchard', 'gare', 'saintclaude']"
329,"['gare', 'alès', 'gare', 'nîmes']"
330,"['gare', 'bastidestlaurent', 'gare', 'langogne']"
331,"['gare', 'langogne', 'gare', 'mende']"
332,"['gare', 'bastidestlaurent', 'gare', 'mende']"
333,"['gare', 'millau', 'marvejols', 'place', 'chayla']"
334,"['gare', 'clermontferrand', 'gare', 'mende']"
335,"['gare', 'puyenvelay', 'gare', 'marvejols']"
336,"['gare', 'mende', 'gare', 'stchélydapcher']"
337,"['gare', 'bastidestlaurent', 'gare', 'marvejols']"
338,"['gare', 'mende', 'marvejols', 'place', 'chayla']"
339,"['gare', 'carcassonne', 'quillan']"
340,"['gare', 'carcassonne', 'gare', 'limoux']"
341,"['gare', 'limoux', 'quillan']"
342,"['gare', 'bédarieux', 'gare', 'béziers']"
343,"['gare', 'guéret', 'gare', 'montluçonville']"
344,"['gare', 'tulle', 'gare', 'ussel']"
345,"['gare', 'egletons', 'gare', 'tulle']"
346,"['gare', 'egletons', 'gare', 'meymac']"
347,"['gare', 'brivelagaillarde', 'gare', 'egletons']"
348,"['bortlesorgues', 'gare', 'ussel']"
349,"['gare', 'nancyville', 'mirecourt']"
350,"['martignylesbthiebaut', 'vézelise', 'beauregard']"
351,"['damblain', 'eglise', 'gare', 'nancyville']"
352,"['gare', 'contrexéville', 'gare', 'nancyville']"
353,"['gare', 'contrexéville', 'mirecourt']"
354,"['gare', 'vittel', 'mirecourt']"
355,"['gare', 'nancyville', 'martignylesbthiebaut']"
356,"['gare', 'nancyville', 'gare', 'vittel']"
357,"['gare', 'nancyville', 'mirecourt', 'lycée', 'agric']"
358,"['gare', 'bening', 'gare', 'sarreguemines']"
359,"['bitchequartierdriant', 'gare', 'bening']"
360,"['gare', 'charmes', 'vosges', 'gare', 'vittel']"
361,"['gare', 'charmes', 'vosges', 'mirecourt']"
362,"['gare', 'charmes', 'vosges', 'mirecourt', 'lycée', 'agric']"
363,"['igney', 'centre', 'sarrebourglpmessmer']"
364,"['gare', 'sarrebourg', 'igney', 'centre']"
365,"['gare', 'longuyon', 'gare', 'longwy']"
366,"['gare', 'longuyon', 'gare', 'montmédy']"
367,"['gare', 'longuyon', 'vezincarrefour']"
368,"['gare', 'morhange', 'gare', 'sarrebourg']"
369,"['gare', 'sarrebourg', 'loudrefing']"
370,"['gare', 'morhange', 'gare', 'rémilly']"
371,"['longuyon', 'collège', 'vezincarrefour']"
372,"['gare', 'sarrebourg', 'stjeandebasseleglis']"
373,"['gare', 'nancyville', 'gare', 'neufchâteau']"
374,"['fénétrange', 'gendarm', 'sarrebourghôpital']"
375,"['loudrefing', 'sarrebourglpmessmer']"
376,"['sarrebourg', 'place', 'math', 'stjeandebasseleglis']"
377,"['sarrebourglpmessmer', 'stjeandebasseleglis']"
378,"['gare', 'neufchâteau', 'gare', 'toul']"
379,"['gare', 'toul', 'neufchateaulp']"
380,"['gare', 'nancyville', 'neufchateaulp']"
381,"['allampsesat', 'gare', 'toul']"
382,"['creutzwald', 'gr', 'gare', 'thionville']"
383,"['fénétrange', 'gendarm', 'sarrebourglpmessmer']"
384,"['gare', 'stdiédesvosges', 'lavelinedbruy', 'mairie']"
385,"['gare', 'epinal', 'gare', 'stdiédesvosges']"
386,"['bruyères', 'vosges', 'gare', 'epinal']"
387,"['bruyères', 'vosges', 'gare', 'stdiédesvosges']"
388,"['bouzonville', 'gare', 'thionville']"
389,"['gare', 'epinal', 'lavelinedbruy', 'mairie']"
390,"['gare', 'thionville', 'kédange', 'eglise']"
391,"['gare', 'thionville', 'hombourg', 'chapelle']"
392,"['gare', 'epinal', 'saintléonard', 'centre']"
393,"['corcieux', 'conti', 'gare', 'epinal']"
394,"['gare', 'arches', 'gare', 'stdiédesvosges']"
395,"['bruyères', 'chanzy', 'gare', 'gare', 'epinal']"
396,"['gare', 'arches', 'gare', 'epinal']"
397,"['bruyères', 'chanzy', 'gare', 'gare', 'stdiédesvosges']"
398,"['gare', 'thionville', 'perl', 'gare', 'db']"
399,"['gare', 'sarreguemines', 'sarreunion']"
400,"['herbitzheim', 'r', 'hambach', 'sarreunion']"
401,"['gare', 'sarreguemines', 'sarralbe', 'centre']"
402,"['loudrefing', 'sarrebourg', 'place', 'math']"
403,"['herbitzheim', 'mairie', 'sarreunion']"
404,"['gare', 'sarrebourg', 'gare', 'sarreguemines']"
405,"['fénétrange', 'gendarm', 'sarrebourgabriphalsbo']"
406,"['gare', 'sarreguemines', 'sarrebourg', 'place', 'math']"
407,"['berthelmingmairie', 'sarrebourgabriphalsbo']"
408,"['gare', 'metzville', 'gare', 'nancyville']"
409,"['gare', 'saverne', 'sarralbe']"
410,"['keskastel', 'sarreunion']"
411,"['gare', 'saverne', 'sarreunion']"
412,"['bruyères', 'vosges', 'saintléonard', 'centre']"
413,"['gare', 'barleduc', 'gare', 'revigny']"
414,"['gare', 'charmes', 'vosges', 'gare', 'epinal']"
415,"['gare', 'conflansjarny', 'gare', 'pagnysurmoselle']"
416,"['gare', 'figeac', 'gare', 'gramat']"
417,"['gare', 'mazamet', 'gare', 'toulousematabiau']"
418,"['gare', 'muret', 'gare', 'pau']"
419,"['gare', 'pau', 'gare', 'toulousematabiau']"
420,"['gare', 'agen', 'gare', 'castelsarrasin']"
421,"['gare', 'longagesnoé', 'stsulpicesurlèze']"
422,"['gare', 'montréjeaugourdanpol', 'luchonrichelieu']"
423,"['gare', 'axlesthermes', 'gare', 'toulousematabiau']"
424,"['gare', 'axlesthermes', 'gare', 'foix']"
425,"['gare', 'axlesthermes', 'gare', 'pamiers']"
426,"['gare', 'montréjeaugourdanpol', 'luchon']"
427,"['gare', 'axlesthermes', 'latour', 'carol']"
428,"['gare', 'foix', 'gare', 'pamiers']"
429,"['gare', 'souillac', 'gare', 'stdenisprèsmartel']"
430,"['gare', 'albiville', 'gare', 'toulousematabiau']"
431,"['gare', 'foix', 'gare', 'toulousematabiau']"
432,"['comines', 'france', 'gare', 'lille', 'flandres']"
433,"['gare', 'lille', 'flandres', 'wambrechies']"
434,"['gare', 'abbeville', 'gare', 'boulogne', 'ville']"
435,"['gare', 'abbeville', 'gare', 'rue']"
436,"['gare', 'lens', 'gare', 'lille', 'flandres']"
437,"['gare', 'avesnes', 'gare', 'hirsonecoles']"
438,"['gare', 'arras', 'gare', 'douai']"
439,"['gare', 'hazebrouck', 'gare', 'lille', 'flandres']"
440,"['gare', 'busigny', 'gare', 'st', 'quentin']"
441,"['gare', 'calais', 'fréthun', 'gare', 'calais', 'ville']"
442,"['gare', 'coutances', 'gare', 'lison']"
443,"['gare', 'granville', 'gare', 'lison']"
444,"['gare', 'coutances', 'gare', 'granville']"
445,"['gare', 'coutances', 'gare', 'pontorsonmtstmichel']"
446,"['gare', 'granville', 'virecentre']"
447,"['gare', 'argentan', 'gare', 'flers']"
448,"['bagnoles', 'orne', 'eglmad', 'gare', 'briouze']"
449,"['bagnoles', 'orne', 'eglmad', 'gare', 'argentan']"
450,"['gare', 'alençon', 'gare', 'surdon']"
451,"['gare', 'laigle', 'gare', 'surdon']"
452,"['gare', 'dreux', 'gare', 'laigle']"
453,"['gare', 'lisieux', 'gare', 'trouvilledeauville']"
454,"['gare', 'divescabourg', 'gare', 'trouvilledeauville']"
455,"['gare', 'caen', 'gare', 'rouenrivedroite']"
456,"['gare', 'evreux', 'normandie', 'gare', 'serquigny']"
457,"['gare', 'villedieu', 'gare', 'mont', 'st', 'michel']"
458,"['gare', 'granville', 'gare', 'rennes']"
459,"['gare', 'caen', 'gare', 'rennes']"
460,"['gare', 'bréautébeuzeville', 'gare', 'fécamp']"
461,"['gare', 'manteslajolie', 'gare', 'rouenrivedroite']"
462,"['pontaudemergaresncf', 'rouengareroutière']"
463,"['rouengareroutière', 'routotplacedemairie']"
464,"['bourgachard', 'champ', 'f', 'pontaudemergaresncf']"
465,"['gare', 'nantes', 'gare', 'stgillescroixdevie']"
466,"['gare', 'cholet', 'gare', 'nantes']"
467,"['gare', 'cholet', 'gare', 'clisson']"
468,"['gare', 'albert', 'gare', 'amiens']"
469,"['gare', 'beauvaisgaresncf', 'gare', 'creil']"
470,"['gare', 'hirson', 'laongareroutièrepoma']"
471,"['gare', 'compiègne', 'gare', 'ribécourt']"
472,"['gare', 'compiègne', 'gare', 'st', 'quentin']"
473,"['gare', 'compiègne', 'gare', 'tergnier']"
474,"['gare', 'chatellerault', 'gare', 'poitiers']"
475,"['gare', 'mauzé', 'gare', 'niort']"
476,"['gare', 'niort', 'gare', 'prissélacharrière']"
477,"['gare', 'bressuire', 'gare', 'saumur']"
478,"['gare', 'bressuire', 'gare', 'thouars']"
479,"['gare', 'rochesuryon', 'gare', 'saumur']"
480,"['gare', 'chambérychalleseaux', 'lyonpartdieugarerou']"
481,"['gare', 'annecy', 'lyonpartdieugarerou']"
482,"['gare', 'aixlesbainslerevard', 'gare', 'annecy']"
483,"['gare', 'valencetgv', 'grenoblegareroutière']"
484,"['gare', 'chambérychalleseaux', 'grenoblegareroutière']"
485,"['grenoblegareroutière', 'valencegareroutière']"
486,"['grenoblegareroutière', 'lyonpartdieugarerou']"
487,"['gare', 'standrélegaz', 'lyonperrachegarerout']"
488,"['lyonpartdieugarerou', 'saintetiennechtx', 'gr']"
489,"['gare', 'lozanne', 'gare', 'lyongorgedeloup']"
490,"['gare', 'lozanne', 'lyonstpaulquaibondy']"
491,"['lyonpartdieugarerou', 'roannegareroutière']"
492,"['gare', 'lozanne', 'grandriscentre']"
493,"['gare', 'lamuresurazergues', 'gare', 'lozanne']"
494,"['gare', 'lozanne', 'poulemairie']"
495,"['gare', 'lozanne', 'gare', 'paraylemonial']"
496,"['boisdoingtcentre', 'gare', 'lozanne']"
497,"['gare', 'die', 'valencegareroutière']"
498,"['gare', 'valencetgv', 'gare', 'veynesdévoluy']"
499,"['gare', 'veynesdévoluy', 'valencegareroutière']"
500,"['gare', 'lucendiois', 'valencegareroutière']"
501,"['gare', 'lucendiois', 'gare', 'valencetgv']"
502,"['gare', 'evianlesbains', 'grenoblegareroutière']"
503,"['saintetiennechtx', 'gr', 'valencegareroutière']"
504,"['gare', 'modane', 'grenoblegareroutière']"
505,"['gare', 'annecy', 'gare', 'chamonixmontblanc']"
506,"['annonaygareroute', 'grenoblegareroutière']"
507,"['gare', 'stgervaislblefayet', 'grenoblegareroutière']"
508,"['privascoursdupalais', 'valencegareroutière']"
509,"['gare', 'annemasse', 'grenoblegareroutière']"
510,"['grenoblegareroutière', 'montélimargroutière']"
511,"['gare', 'moûtierssalinsbrides', 'grenoblegareroutière']"
512,"['gare', 'chambérychalleseaux', 'gare', 'cluses', 'htesavoie']"
513,"['gare', 'bonneville', 'lyonpartdieugarerou']"
514,"['gare', 'chambérychalleseaux', 'gare', 'stgervaislblefayet']"
515,"['aubenaspldelapaix', 'grenoblegareroutière']"
516,"['gare', 'annemasse', 'gare', 'chambérychalleseaux']"
517,"['gare', 'chambérychalleseaux', 'gare', 'chamonixmontblanc']"
518,"['gare', 'annemasse', 'gare', 'evianlesbains']"
519,"['grenoblegareroutière', 'privascoursdupalais']"
520,"['bourgenbresse', 'gare', 'r', 'gare', 'chambérychalleseaux']"
521,"['gare', 'oyonnax', 'lyonpartdieugarerou']"
522,"['gare', 'chambérychalleseaux', 'gare', 'evianlesbains']"
523,"['lyonpartdieugarerou', 'morez', 'lycée']"
524,"['gare', 'chamonixmontblanc', 'lyonpartdieugarerou']"
525,"['gare', 'chambérychalleseaux', 'gare', 'thononlesbains']"
526,"['gare', 'chamonixmontblanc', 'grenoblegareroutière']"
527,"['chamberryjacob', 'gare', 'stgervaislblefayet']"
528,"['gare', 'bonneville', 'gare', 'chambérychalleseaux']"
529,"['gare', 'bourgstmaurice', 'grenoblegareroutière']"
530,"['aubenaspldelapaix', 'stmartindhères']"
531,"['montélimargroutière', 'stmartindhères']"
532,"['privascoursdupalais', 'stmartindhères']"
533,"['annonaygareroute', 'stmartindhères']"
534,"['gare', 'saintclaude', 'lyonpartdieugarerou']"
535,"['gare', 'bourgoinjallieu', 'lyonpartdieugarerou']"
536,"['gare', 'bourgstmaurice', 'gare', 'chambérychalleseaux']"
537,"['gare', 'chambérychalleseaux', 'gare', 'pontdebeauvoisin']"
538,"['gare', 'thononlesbains', 'grenoblegareroutière']"
539,"['gare', 'mâconville', 'lyonpartdieugarerou']"
540,"['gare', 'diemeringen', 'sarralbe', 'centre']"
541,"['gare', 'diemeringen', 'sarreunion']"
542,"['gare', 'dinan', 'gare', 'stbrieuc']"
543,"['gare', 'dinan', 'gare', 'lamballe']"
544,"['gare', 'franois', 'gare', 'stvit']"
545,"['gare', 'auxonne', 'gare', 'villerslespots']"
546,"['gare', 'dijonville', 'gare', 'neuillylèsdijon']"
547,"['gare', 'bellegardesv', 'gare', 'gare', 'stgervaislblefayet']"
548,"['gare', 'bellegardesv', 'gare', 'gare', 'evianlesbains']"
549,"['gare', 'annemasse', 'gare', 'stgervaislblefayet']"
550,"['gare', 'bellegardesv', 'gare', 'gare', 'chamonixmontblanc']"
551,"['gare', 'annemasse', 'gare', 'bellegardesv', 'gare']"
552,"['gare', 'evianlesbains', 'gare', 'thononlesbains']"
553,"['gare', 'cluses', 'htesavoie', 'gare', 'stgervaislblefayet']"
554,"['gare', 'annemasse', 'gare', 'rochesurforon']"
555,"['gare', 'annecy', 'gare', 'annemasse']"
556,"['gare', 'ambérieuenbugey', 'gare', 'strambertenbugey']"
557,"['gare', 'ambérieuenbugey', 'gare', 'virieulegrandbelley']"
558,"['gare', 'boën', 'noirétable']"
559,"['gare', 'boën', 'saintetiennechtx', 'gr']"
560,"['gare', 'montbrison', 'noirétable']"
561,"['noirétable', 'saintetiennechtx', 'gr']"
562,"['gare', 'boën', 'gare', 'montbrison']"
563,"['gare', 'montbrison', 'saintetiennechtx', 'gr']"
564,"['bourgenbresse', 'gare', 'r', 'lyonpartdieugarerou']"
565,"['bourgenbresse', 'gare', 'r', 'gare', 'mâconlochétgv']"
566,"['bourgenbresse', 'gare', 'r', 'gare', 'mâconville']"
567,"['gare', 'ambérieuenbugey', 'lyonpartdieugarerou']"
568,"['gare', 'chambérychalleseaux', 'gare', 'standrélegaz']"
569,"['gare', 'chambérychalleseaux', 'gare', 'tourdupin']"
570,"['gare', 'gap', 'grenoblegareroutière']"
571,"['gare', 'clellesmens', 'gare', 'gap']"
572,"['clellesmairie', 'grenoblegareroutière']"
573,"['gare', 'vif', 'grenoblegareroutière']"
574,"['gare', 'clellesmens', 'grenoblegareroutière']"
575,"['gare', 'sainbel', 'lyonstpaullafeuilée']"
576,"['gare', 'sainbel', 'lyonstpaulquaibondy']"
577,"['lyonperrachegarerout', 'viennegareroutière']"
578,"['bourgenbresse', 'gare', 'r', 'gare', 'ambérieuenbugey']"
579,"['argentine', 'gare', 'stpierredalbigny']"
580,"['gare', 'stpriest', 'stpierredechandieur']"
581,"['gare', 'villefranchesursaône', 'lyonperrachegarerout']"
582,"['gare', 'tourdupin', 'gare', 'rives']"
583,"['gare', 'moûtierssalinsbrides', 'gare', 'stpierredalbigny']"
584,"['gare', 'albertville', 'gare', 'moûtierssalinsbrides']"
585,"['gare', 'aixlesbainslerevard', 'gare', 'chambérychalleseaux']"
586,"['gare', 'bourgstmaurice', 'gare', 'moûtierssalinsbrides']"
587,"['gare', 'chambérychalleseaux', 'gare', 'modane']"
588,"['gare', 'chambérychalleseaux', 'gare', 'epierrestléger']"
589,"['gare', 'aixlesbainslerevard', 'gare', 'modane']"
590,"['gare', 'chambérychalleseaux', 'gare', 'culoz']"
591,"['gare', 'feurs', 'saintetiennechtx', 'gr']"
592,"['gare', 'albens', 'gare', 'annecy']"
593,"['gare', 'annecy', 'gare', 'rumilly']"
594,"['gare', 'sérézin', 'ternaybarbières']"
595,"['communaystade', 'gare', 'sérézin']"
596,"['gare', 'epierrestléger', 'gare', 'montmélian']"
597,"['gare', 'epierrestléger', 'gare', 'stpierredalbigny']"
598,"['gare', 'stjeandemauriennea', 'gare', 'stpierredalbigny']"
599,"['aitonsallepolyvalente', 'gare', 'stjeandemauriennea']"
600,"['gare', 'chinon', 'gare', 'tours']"
601,"['chinonlycéerabelais', 'gare', 'tours']"
602,"['gare', 'tours', 'st', 'christophe', 'nais']"
603,"['gare', 'châteauduloir', 'gare', 'tours']"
604,"['droué', 'centre', 'gare', 'courtalainstpellerin']"
605,"['courtalaincentre', 'droué', 'centre']"
606,"['chartresgareroutière', 'gare', 'brou']"
607,"['droué', 'centre', 'gare', 'brou']"
608,"['gare', 'brou', 'gare', 'chartres']"
609,"['droué', 'centre', 'gare', 'chartres']"
610,"['gare', 'vendôme', 'mondoubleaurueleroy']"
611,"['aubignysurneremail', 'gare', 'gien']"
612,"['gare', 'gien', 'montargisot']"
613,"['gare', 'cosnesurloire', 'sancerreportecesar']"
614,"['bourgesgareroutière', 'nan']"
615,"['bourgesgareroutière', 'gare', 'stamandmontrondorval']"
616,"['gare', 'bourges', 'gare', 'stamandmontrondorval']"
617,"['châteauroux', 'gare', 'rout', 'gare', 'bourges']"
618,"['gare', 'bourges', 'issoudunplacedelag']"
619,"['châteauroux', 'gare', 'rout', 'issoudunjardin']"
620,"['gare', 'vierzon', 'issoudunplacedelag']"
621,"['gare', 'issoudun', 'gare', 'vierzon']"
622,"['châteauroux', 'gare', 'rout', 'poitiersgareroutière']"
623,"['leblancpldubateau', 'poitiersgareroutière']"
624,"['gare', 'nouanlefuzelier', 'romorantinbagr']"
625,"['chaumontsurtharonne', 'romorantinbagr']"
626,"['gare', 'lamottebeuvron', 'romorantinbagr']"
627,"['gare', 'lamottebeuvron', 'romorantinlycéedef']"
628,"['châteaurouxlybpascal', 'gare', 'eguzon']"
629,"['châteauroux', 'gare', 'rout', 'gare', 'argentonsurcreuse']"
630,"['châteaurouxlybpascal', 'gare', 'argentonsurcreuse']"
631,"['châteaurouxlycéeagric', 'gare', 'argentonsurcreuse']"
632,"['châteauroux', 'gare', 'rout', 'gare', 'eguzon']"
633,"['châteauroux', 'gare', 'rout', 'issoudunplacedelag']"
634,"['gare', 'thesee', 'romorantinbagr']"
635,"['romorantinbagr', 'staignanlep']"
636,"['romorantinbagr', 'staignanplwilson']"
637,"['gare', 'loches', 'gare', 'tours']"
638,"['buzançais', 'châteauroux', 'gare', 'rout']"
639,"['châteauroux', 'gare', 'rout', 'gare', 'tours']"
640,"['chatillonmail', 'châteaurouxcharmilles']"
641,"['clionsurindre', 'gare', 'loches']"
642,"['chatillonmail', 'châteauroux', 'gare', 'rout']"
643,"['châteauroux', 'gare', 'rout', 'gare', 'loches']"
644,"['gare', 'cormery', 'gare', 'douzillère']"
645,"['gare', 'loches', 'gare', 'montbazon']"
646,"['chambourgchopin', 'gare', 'cormery']"
647,"['locheslyceestdenis', 'truyesstblaise']"
648,"['gare', 'cormery', 'gare', 'loches']"
649,"['gare', 'loches', 'tours', 'lycee', 'grandmont']"
650,"['gare', 'esvres', 'gare', 'loches']"
651,"['gare', 'tours', 'reignacbourgdufau']"
652,"['gare', 'loches', 'truyespldusouvenir']"
653,"['gare', 'douzillère', 'gare', 'veigné']"
654,"['locheslep', 'truyespldusouvenir']"
655,"['gare', 'tours', 'locheslep']"
656,"['gare', 'cormery', 'gare', 'tours']"
657,"['buzançais', 'châteaurouxlybpascal']"
658,"['gare', 'esvres', 'gare', 'douzillère']"
659,"['chatillonmail', 'châteaurouxlgiraudoux']"
660,"['chatillonmail', 'gare', 'tours']"
661,"['gare', 'vierzon', 'romorantinbagr']"
662,"['romorantinbagr', 'vierzonmédiathèque']"
663,"['gare', 'bloischambord', 'gare', 'limeray']"
664,"['gare', 'châteaudun', 'gare', 'dourdan']"
665,"['châteaudunleppaulsen', 'gare', 'dourdan']"
666,"['chartresgareroutière', 'gare', 'tours']"
667,"['chartresgareroutière', 'gare', 'vendôme']"
668,"['gare', 'châteaudun', 'gare', 'vendôme']"
669,"['gare', 'tours', 'gare', 'vendôme']"
670,"['chartresgareroutière', 'gare', 'châteaudun']"
671,"['gare', 'châteaudun', 'gare', 'tours']"
672,"['gare', 'châteaurenault', 'gare', 'vendômevillierssloir']"
673,"['gare', 'epinal', 'gare', 'neufchâteau']"
674,"['gare', 'neufchâteau', 'gare', 'vittel']"
675,"['gare', 'lunéville', 'rambervillers', '11', 'nov']"
676,"['gare', 'lunéville', 'moyen']"
677,"['lunevillelp', 'rambervillers', '11', 'nov']"
678,"['lunéville', 'cité', 'scolai', 'rambervillers']"
679,"['gare', 'lunéville', 'rambervillers']"
680,"['lunéville', 'cité', 'scolai', 'rambervillers', '11', 'nov']"
681,"['gare', 'epinal', 'mirecourt']"
682,"['bruyères', 'vosges', 'gare', 'lunéville']"
683,"['gare', 'remiremont', 'gérardmer', 'mauselaine']"
684,"['gare', 'contrexéville', 'gare', 'epinal']"
685,"['gare', 'longwy', 'gare', 'metzville']"
686,"['bussang', 'gare', 'sncf', 'gare', 'remiremont']"
687,"['bresseclaudel', 'gare', 'remiremont']"
688,"['gare', 'remiremont', 'labresse', 'pl', 'champtel']"
689,"['gare', 'remiremont', 'bresse', 'lispach']"
690,"['gare', 'audunleroman', 'gare', 'thionville']"
691,"['bitche', 'gare', 'sarreguemines']"
692,"['bitchequartierdriant', 'gare', 'sarreguemines']"
693,"['gare', 'sarrebourg', 'stlouis57incliné']"
694,"['gare', 'lutzelbourg', 'gare', 'sarrebourg']"
695,"['gare', 'conflansjarny', 'gare', 'metzville']"
696,"['gare', 'metzville', 'gare', 'verdun']"
697,"['gare', 'conflansjarny', 'gare', 'verdun']"
698,"['gare', 'marlesurserre', 'lugny']"
699,"['barentonâ', 'cel', 'gare', 'verneuilsurserre']"
700,"['barentonsurserre', 'gare', 'verneuilsurserre']"
701,"['gare', 'strasbourg', 'gare', 'woerth', 'rhein']"
702,"['gare', 'neustadt', 'weinstr', 'hbf', 'gare', 'wissembourg']"
703,"['gare', 'winden', 'pfalz', 'gare', 'wissembourg']"
704,"['gare', 'landaupfalzhbf', 'gare', 'wissembourg']"
705,"['gare', 'lauterbourg', 'gare', 'woerth', 'rhein']"
706,"['gare', 'fougères', 'gare', 'rennes']"
707,"['gare', 'niceville', 'gare', 'ventimigliastazione']"
708,"['gare', 'grasse', 'gare', 'niceville']"
709,"['gare', 'grasse', 'gare', 'ventimigliastazione']"
710,"['gare', 'grasse', 'gare', 'menton']"
711,"['gare', 'menton', 'gare', 'niceville']"
712,"['gare', 'canneslabocca', 'gare', 'ventimigliastazione']"
713,"['gare', 'canneslabocca', 'gare', 'menton']"
714,"['gare', 'arcsdraguignan', 'gare', 'ventimigliastazione']"
715,"['gare', 'arcsdraguignan', 'gare', 'menton']"
716,"['gare', 'canneslabocca', 'gare', 'monacomontecarlo']"
717,"['gare', 'grasse', 'gare', 'monacomontecarlo']"
718,"['gare', 'monacomontecarlo', 'gare', 'niceville']"
719,"['gare', 'cannes', 'gare', 'ventimigliastazione']"
720,"['gare', 'cannes', 'gare', 'monacomontecarlo']"
721,"['gare', 'menton', 'gare', 'ventimigliastazione']"
722,"['gare', 'monacomontecarlo', 'gare', 'ventimigliastazione']"
723,"['gare', 'saarbrücken', 'sarrebruck', 'gare', 'strasbourg']"
724,"['gare', 'mommenheim', 'gare', 'strasbourg']"
725,"['gare', 'metzville', 'gare', 'trierhbf', 'trèves']"
726,"['gare', 'longwy', 'gare', 'luxembourg']"
727,"['gare', 'luxembourg', 'gare', 'rodange']"
728,"['gare', 'perpignan', 'gare', 'portbou']"
729,"['gare', 'avignoncentre', 'gare', 'portbou']"
730,"['gare', 'narbonne', 'gare', 'portbou']"
731,"['gare', 'nîmes', 'gare', 'portbou']"
732,"['gare', 'portbou', 'gare', 'toulousematabiau']"
733,"['gare', 'montpelliersaintroch', 'gare', 'portbou']"
734,"['gare', 'saarbrücken', 'sarrebruck', 'gare', 'sarreguemines']"
735,"['gare', 'offenburg', 'gare', 'strasbourg']"
736,"['gare', 'kehl', 'gare', 'offenburg']"
737,"['gare', 'mulhouse', 'gare', 'mullheimbadenbf']"
738,"['gare', 'freiburgbreisgau', 'gare', 'mulhouse']"
739,"['gare', 'luxembourg', 'gare', 'nancyville']"
740,"['gare', 'luxembourg', 'gare', 'thionville']"
741,"['gare', 'nancyville', 'gare', 'thionville']"
742,"['gare', 'bettembourg', 'gare', 'nancyville']"
743,"['gare', 'luxembourg', 'gare', 'metzville']"
744,"['gare', 'bettembourg', 'gare', 'metzville']"
745,"['gare', 'metzville', 'gare', 'thionville']"
746,"['gare', 'forbach', 'gare', 'saarbrücken', 'sarrebruck']"
747,"['gare', 'metzville', 'gare', 'saarbrücken', 'sarrebruck']"
748,"['gare', 'baselsbb', 'gare', 'strasbourg']"
749,"['gare', 'baselsbb', 'gare', 'sélestat']"
750,"['gare', 'genève', 'gare', 'lyonpartdieu']"
751,"['gare', 'bellegardesv', 'gare', 'gare', 'genève']"
752,"['gare', 'lyonpartdieu', 'gare', 'stgervaislblefayet']"
753,"['gare', 'genève', 'gare', 'grenoble']"
754,"['gare', 'genève', 'gare', 'valenceville']"
755,"['gare', 'stpierredescorps', 'gare', 'tours']"
756,"['gare', 'mommenheim', 'gare', 'sarreguemines']"
757,"['gare', 'mommenheim', 'gare', 'saarbrücken', 'sarrebruck']"
758,"['gare', 'ingwiller', 'gare', 'mommenheim']"
759,"['gare', 'ingwiller', 'gare', 'strasbourg']"
760,"['gare', 'roeschwoog', 'gare', 'strasbourg']"
761,"['gare', 'lauterbourg', 'gare', 'strasbourg']"
762,"['gare', 'colmar', 'gare', 'munster']"
763,"['gare', 'kehl', 'gare', 'strasbourg']"
764,"['gare', 'saales', 'gare', 'stdiédesvosges']"
765,"['gare', 'molsheim', 'gare', 'stdiédesvosges']"
766,"['gare', 'rothau', 'gare', 'stdiédesvosges']"
767,"['gare', 'molsheim', 'gare', 'rothau']"
768,"['gare', 'rothau', 'gare', 'saales']"
769,"['gare', 'kruth', 'gare', 'thannsaintjacques']"
770,"['gare', 'molsheim', 'gare', 'saales']"
771,"['gare', 'thannsaintjacques', 'gare', 'wesserling']"
772,"['gare', 'molsheim', 'mutzigpassageaniveau']"
773,"['gare', 'erstein', 'gare', 'strasbourg']"
774,"['gare', 'colmar', 'gare', 'mulhouse']"
775,"['gare', 'bayonne', 'gare', 'pau']"
776,"['gare', 'bayonne', 'gare', 'puyoô']"
777,"['gare', 'montdemarsan', 'gare', 'morcenx']"
778,"['gare', 'bordeauxstjean', 'gare', 'montdemarsan']"
779,"['gare', 'lesparre', 'gare', 'pauillac']"
780,"['gare', 'bordeauxstjean', 'gare', 'lesparre']"
781,"['gare', 'bordeauxstjean', 'gare', 'leverdon']"
782,"['gare', 'dax', 'gare', 'lourdes']"
783,"['gare', 'dax', 'gare', 'pau']"
784,"['gare', 'dax', 'gare', 'tarbes']"
785,"['gare', 'arcachon', 'gare', 'biganosfacture']"
786,"['gare', 'brivelagaillarde', 'gare', 'périgueux']"
787,"['gare', 'condatlelardin', 'gare', 'tulle']"
788,"['gare', 'brivelagaillarde', 'gare', 'condatlelardin']"
789,"['gare', 'bedous', 'gare', 'pau']"
790,"['gare', 'oloronstemarie', 'gare', 'pau']"
791,"['gare', 'bidos', 'gare', 'pau']"
792,"['gare', 'bedous', 'gare', 'oloronstemarie']"
793,"['gare', 'bayonne', 'gare', 'stjeanpieddeport']"
794,"['gare', 'bayonne', 'gare', 'cambolesbains']"
795,"['gare', 'dax', 'gare', 'hendaye']"
796,"['gare', 'bayonne', 'gare', 'morcenx']"
797,"['gare', 'bordeauxstjean', 'gare', 'dax']"
798,"['gare', 'bergerac', 'gare', 'libourne']"
799,"['gare', 'libourne', 'gare', 'stemilion']"
800,"['gare', 'bergerac', 'gare', 'sarlat']"
801,"['gare', 'bordeauxstjean', 'gare', 'langon']"
802,"['gare', 'agen', 'gare', 'bordeauxstjean']"
803,"['gare', 'agen', 'gare', 'périgueux']"
804,"['gare', 'agen', 'gare', 'monsempronlibos']"
805,"['gare', 'commentry', 'gare', 'montluçonville']"
806,"['gare', 'clermontferrand', 'gare', 'moulinssurallier']"
807,"['gare', 'clermontferrand', 'gare', 'riomchâtelguyon']"
808,"['gare', 'clermontferrand', 'gare', 'vichy']"
809,"['gare', 'gannat', 'gare', 'vichy']"
810,"['gare', 'arvant', 'gare', 'brioude']"
811,"['gare', 'alès', 'gare', 'clermontferrand']"
812,"['gare', 'alès', 'gare', 'brioude']"
813,"['gare', 'arvant', 'gare', 'langeac']"
814,"['gare', 'arvant', 'gare', 'nîmes']"
815,"['gare', 'aurillac', 'gare', 'neussargues']"
816,"['gare', 'aurillac', 'gare', 'figeac']"
817,"['gare', 'aurillac', 'gare', 'brivelagaillarde']"
818,"['gare', 'firminy', 'gare', 'puyenvelay']"
819,"['gare', 'puyenvelay', 'gare', 'vorey']"
820,"['gare', 'dijonville', 'gare', 'larochemigennes']"
821,"['gare', 'larochemigennes', 'gare', 'tonnerre']"
822,"['gare', 'frasne', 'gare', 'travers']"
823,"['gare', 'larochemigennes', 'gare', 'montereau']"
824,"['gare', 'clamecy', 'gare', 'larochemigennes']"
825,"['gare', 'auxerrestgervais', 'gare', 'larochemigennes']"
826,"['gare', 'dijonville', 'gare', 'issurtille']"
827,"['gare', 'dijonporteneuve', 'gare', 'issurtille']"
828,"['gare', 'dijonville', 'gare', 'seurre']"
829,"['gare', 'besançonviotte', 'gare', 'dijonville']"
830,"['gare', 'dijonville', 'gare', 'laumesalésia']"
831,"['gare', 'avallon', 'gare', 'larochemigennes']"
832,"['gare', 'chagny', 'gare', 'montchanin']"
833,"['gare', 'decize', 'gare', 'luzynièvre']"
834,"['gare', 'cosnesurloire', 'gare', 'neverslebanlay']"
835,"['gare', 'nevers', 'gare', 'neverslebanlay']"
836,"['gare', 'lyonperrache', 'gare', 'paraylemonial']"
837,"['gare', 'besançonviotte', 'gare', 'doleville']"
838,"['gare', 'belfortville', 'gare', 'vesoul']"
839,"['gare', 'besançonviotte', 'gare', 'valdahon']"
840,"['gare', 'luzynièvre', 'gare', 'montchanin']"
841,"['gare', 'creusot', 'gare', 'luzynièvre']"
842,"['gare', 'bourgenbresse', 'gare', 'lonslesaunier']"
843,"['gare', 'belfortville', 'gare', 'meroux']"
844,"['gare', 'belfortville', 'gare', 'delle']"
845,"['gare', 'besançonfranchecomté', 'gare', 'besançonviotte']"
846,"['gare', 'rennes', 'gare', 'vitré']"
847,"['gare', 'rennes', 'gare', 'stbrieuc']"
848,"['gare', 'montaubandebretagne', 'gare', 'rennes']"
849,"['gare', 'messacguipry', 'gare', 'rennes']"
850,"['gare', 'nantes', 'gare', 'rennes']"
851,"['gare', 'rennes', 'gare', 'vannes']"
852,"['gare', 'messacguipry', 'gare', 'vannes']"
853,"['gare', 'redon', 'gare', 'rennes']"
854,"['gare', 'beslé', 'gare', 'redon']"
855,"['gare', 'lorient', 'gare', 'quimper']"
856,"['gare', 'lorient', 'gare', 'rosporden']"
857,"['gare', 'lorient', 'gare', 'vannes']"
858,"['gare', 'lorient', 'gare', 'redon']"
859,"['gare', 'brest', 'gare', 'morlaix']"
860,"['gare', 'brest', 'gare', 'quimper']"
861,"['gare', 'landerneau', 'gare', 'quimper']"
862,"['gare', 'brest', 'gare', 'forest']"
863,"['gare', 'brest', 'gare', 'landerneau']"
864,"['gare', 'lannion', 'gare', 'stbrieuc']"
865,"['gare', 'guingamp', 'gare', 'lannion']"
866,"['gare', 'carhaix', 'gare', 'guingamp']"
867,"['gare', 'aubraisles', 'gare', 'cosnesurloire']"
868,"['gare', 'portdepiles', 'gare', 'tours']"
869,"['gare', 'châteauroux', 'gare', 'vierzon']"
870,"['gare', 'argentonsurcreuse', 'gare', 'vierzon']"
871,"['gare', 'aubraisles', 'gare', 'toury']"
872,"['gare', 'bourges', 'gare', 'vierzon']"
873,"['gare', 'bourges', 'gare', 'montluçonville']"
874,"['gare', 'portboulet', 'gare', 'tours']"
875,"['gare', 'aubraisles', 'gare', 'tours']"
876,"['gare', 'aubraisles', 'gare', 'châteaugaillard']"
877,"['gare', 'romorantinblancargent', 'gare', 'valençay']"
878,"['gare', 'chartres', 'gare', 'nogentlerotrou']"
879,"['gare', 'chartres', 'gare', 'verrière']"
880,"['gare', 'chartres', 'gare', 'versailleschantiers']"
881,"['gare', 'chartres', 'gare', 'courtalainstpellerin']"
882,"['gare', 'charlevillemézières', 'gare', 'givet']"
883,"['gare', 'charlevillemézières', 'gare', 'nouzonville']"
884,"['gare', 'charlevillemézières', 'gare', 'reims']"
885,"['gare', 'reims', 'gare', 'sedan']"
886,"['gare', 'charlevillemézières', 'gare', 'sedan']"
887,"['gare', 'rethel', 'gare', 'sedan']"
888,"['gare', 'laon', 'gare', 'reims']"
889,"['gare', 'chaumont', 'gare', 'châlonsenchampagne']"
890,"['gare', 'châlonsenchampagne', 'gare', 'stdizier']"
891,"['gare', 'châlonsenchampagne', 'gare', 'châteauthierry']"
892,"['gare', 'dormans', 'gare', 'epernay']"
893,"['gare', 'barleduc', 'gare', 'epernay']"
894,"['gare', 'barleduc', 'gare', 'stdizier']"
895,"['gare', 'barleduc', 'gare', 'châlonsenchampagne']"
896,"['gare', 'culmontchalindrey', 'gare', 'troyes']"
897,"['gare', 'dijonville', 'gare', 'troyes']"
898,"['gare', 'cerbère', 'gare', 'perpignan']"
899,"['gare', 'grauduroi', 'gare', 'vauvert']"
900,"['gare', 'grauduroi', 'gare', 'nîmes']"
901,"['gare', 'carcassonne', 'gare', 'castelnaudary']"
902,"['gare', 'narbonne', 'gare', 'toulousematabiau']"
903,"['gare', 'castelnaudary', 'gare', 'narbonne']"
904,"['gare', 'alès', 'gare', 'génolhac']"
905,"['gare', 'alès', 'gare', 'bastidestlaurent']"
906,"['gare', 'alès', 'gare', 'mende']"
907,"['gare', 'alès', 'gare', 'langogne']"
908,"['gare', 'marvejols', 'gare', 'mende']"
909,"['gare', 'alès', 'gare', 'arvant']"
910,"['gare', 'langogne', 'gare', 'nîmes']"
911,"['gare', 'mende', 'gare', 'nîmes']"
912,"['gare', 'marvejols', 'gare', 'nîmes']"
913,"['gare', 'castelnaudary', 'gare', 'toulousematabiau']"
914,"['gare', 'perpignan', 'gare', 'villefranchevernetlb']"
915,"['gare', 'guéret', 'gare', 'limogesbénédictins']"
916,"['gare', 'dorat', 'gare', 'limogesbénédictins']"
917,"['gare', 'limogesbénédictins', 'gare', 'poitiers']"
918,"['gare', 'limogesbénédictins', 'gare', 'saillatchassenon']"
919,"['gare', 'limogesbénédictins', 'gare', 'périgueux']"
920,"['gare', 'styrieixlaperche', 'pompadour']"
921,"['gare', 'nexon', 'pompadour']"
922,"['gare', 'limogesbénédictins', 'gare', 'nexon']"
923,"['gare', 'objat', 'pompadour']"
924,"['gare', 'brivelagaillarde', 'gare', 'objat']"
925,"['gare', 'brivelagaillarde', 'gare', 'limogesbénédictins']"
926,"['gare', 'limogesbénédictins', 'gare', 'ussel']"
927,"['gare', 'brivelagaillarde', 'gare', 'tulle']"
928,"['gare', 'lunéville', 'gare', 'nancyville']"
929,"['gare', 'epinal', 'gare', 'nancyville']"
930,"['gare', 'longwy', 'gare', 'rodange']"
931,"['gare', 'bening', 'gare', 'saarbrücken', 'sarrebruck']"
932,"['gare', 'longwy', 'gare', 'nancyville']"
933,"['gare', 'conflansjarny', 'gare', 'longwy']"
934,"['gare', 'nancyville', 'gare', 'pontstvincent']"
935,"['gare', 'barleduc', 'gare', 'metzville']"
936,"['gare', 'barleduc', 'gare', 'nancyville']"
937,"['gare', 'nancyville', 'gare', 'remiremont']"
938,"['gare', 'châlonsenchampagne', 'gare', 'metzville']"
939,"['gare', 'epinal', 'gare', 'remiremont']"
940,"['gare', 'baroncourt', 'gare', 'nancyville']"
941,"['gare', 'conflansjarny', 'gare', 'hagondange']"
942,"['gare', 'hagondange', 'gare', 'verdun']"
943,"['gare', 'nancyville', 'gare', 'stdiédesvosges']"
944,"['gare', 'nancyville', 'gare', 'revigny']"
945,"['gare', 'liverdun', 'gare', 'nancyville']"
946,"['gare', 'barleduc', 'gare', 'toul']"
947,"['gare', 'lunéville', 'gare', 'stdiédesvosges']"
948,"['gare', 'longwy', 'gare', 'sedan']"
949,"['gare', 'charlevillemézières', 'gare', 'longwy']"
950,"['gare', 'diemeringen', 'gare', 'saarbrücken', 'sarrebruck']"
951,"['gare', 'nancyville', 'gare', 'verdun']"
952,"['gare', 'dijonville', 'gare', 'neufchâteau']"
953,"['gare', 'dijonville', 'gare', 'nancyville']"
954,"['gare', 'bettembourg', 'gare', 'luxembourg']"
955,"['gare', 'millau', 'gare', 'rodez']"
956,"['gare', 'millau', 'laissacfoirail']"
957,"['gare', 'mazamet', 'gare', 'stsulpice', 'tarn']"
958,"['gare', 'castres', 'gare', 'stsulpice', 'tarn']"
959,"['gare', 'capdenac', 'gare', 'figeac']"
960,"['gare', 'figeac', 'gare', 'tessonnières']"
961,"['gare', 'aurillac', 'gare', 'toulousematabiau']"
962,"['gare', 'auch', 'gare', 'lislejourdain', 'gers']"
963,"['gare', 'auch', 'gare', 'toulousematabiau']"
964,"['gare', 'auch', 'gare', 'colomiers']"
965,"['gare', 'lislejourdain', 'gers', 'gare', 'toulousematabiau']"
966,"['gare', 'colomiers', 'gare', 'lislejourdain', 'gers']"
967,"['gare', 'brivelagaillarde', 'gare', 'montaubanvillebourbon']"
968,"['gare', 'cahors', 'gare', 'montaubanvillebourbon']"
969,"['gare', 'boussens', 'gare', 'pau']"
970,"['gare', 'muret', 'gare', 'tarbes']"
971,"['gare', 'boussens', 'gare', 'muret']"
972,"['gare', 'boussens', 'gare', 'montréjeaugourdanpol']"
973,"['gare', 'montréjeaugourdanpol', 'gare', 'muret']"
974,"['gare', 'pau', 'gare', 'tarbes']"
975,"['gare', 'lourdes', 'gare', 'tarbes']"
976,"['gare', 'agen', 'gare', 'montaubanvillebourbon']"
977,"['gare', 'capdenac', 'gare', 'rodez']"
978,"['gare', 'brivelagaillarde', 'gare', 'capdenac']"
979,"['gare', 'cambrai', 'ville', 'gare', 'st', 'quentin']"
980,"['gare', 'boulogne', 'ville', 'gare', 'calais', 'fréthun']"
981,"['gare', 'calais', 'fréthun', 'gare', 'rang', 'fl', 'verton', 'ber']"
982,"['gare', 'lille', 'flandres', 'gare', 'mouscron', 'moeskroen']"
983,"['gare', 'douai', 'gare', 'lille', 'flandres']"
984,"['gare', 'cambrai', 'ville', 'gare', 'valenciennes']"
985,"['gare', 'aulnoye', 'aymeries', 'gare', 'jeumont']"
986,"['gare', 'aulnoye', 'aymeries', 'gare', 'maubeuge']"
987,"['gare', 'maubeuge', 'gare', 'st', 'quentin']"
988,"['gare', 'aulnoye', 'aymeries', 'gare', 'busigny']"
989,"['gare', 'amiens', 'gare', 'arras']"
990,"['gare', 'aulnoye', 'aymeries', 'gare', 'hirson']"
991,"['gare', 'lille', 'flandres', 'gare', 'valenciennes']"
992,"['gare', 'jeumont', 'gare', 'maubeuge']"
993,"['gare', 'jeumont', 'gare', 'valenciennes']"
994,"['gare', 'charleroi', 'sud', 'gare', 'maubeuge']"
995,"['gare', 'calais', 'ville', 'gare', 'hazebrouck']"
996,"['gare', 'arras', 'gare', 'st', 'pol', 'ternoise']"
997,"['gare', 'abbeville', 'gare', 'amiens']"
998,"['gare', 'arras', 'gare', 'lens']"
999,"['gare', 'arras', 'gare', 'lille', 'flandres']"
1000,"['gare', 'amiens', 'gare', 'lille', 'flandres']"
1001,"['gare', 'albert', 'gare', 'douai']"
1002,"['gare', 'amiens', 'gare', 'douai']"
1003,"['gare', 'albert', 'gare', 'arras']"
1004,"['gare', 'dunkerque', 'gare', 'lille', 'flandres']"
1005,"['gare', 'caen', 'gare', 'cherbourg']"
1006,"['gare', 'evreux', 'normandie', 'gare', 'manteslajolie']"
1007,"['gare', 'mans', 'gare', 'tours']"
1008,"['gare', 'amiens', 'gare', 'rouenrivedroite']"
1009,"['gare', 'rochesuryon', 'gare', 'rochelleville']"
1010,"['gare', 'angersstlaud', 'gare', 'sablésursarthe']"
1011,"['gare', 'mans', 'gare', 'nogentlerotrou']"
1012,"['gare', 'connerrébeillé', 'gare', 'mans']"
1013,"['gare', 'laval', 'gare', 'mans']"
1014,"['gare', 'angersstlaud', 'gare', 'saumur']"
1015,"['gare', 'angersstlaud', 'gare', 'cholet']"
1016,"['gare', 'beauvaisgaresncf', 'gare', 'persanbeaumont']"
1017,"['gare', 'tergnier', 'laongareroutièrepoma']"
1018,"['gare', 'amiens', 'gare', 'tergnier']"
1019,"['gare', 'amiens', 'gare', 'st', 'quentin']"
1020,"['gare', 'creil', 'gare', 'laon']"
1021,"['gare', 'creil', 'laongareroutièrepoma']"
1022,"['gare', 'st', 'quentin', 'gare', 'tergnier']"
1023,"['gare', 'creil', 'gare', 'stjustsncf']"
1024,"['gare', 'amiens', 'gare', 'stjustsncf']"
1025,"['gare', 'amiens', 'gare', 'creil']"
1026,"['gare', 'abancourt', 'tréportmerslesb']"
1027,"['gare', 'angoulême', 'gare', 'poitiers']"
1028,"['gare', 'rochelleville', 'gare', 'saintes']"
1029,"['gare', 'larochelleptdauphine', 'gare', 'rochefort']"
1030,"['gare', 'rochelleville', 'gare', 'stmariensstyzan']"
1031,"['gare', 'rochelleville', 'gare', 'larochelleptdauphine']"
1032,"['gare', 'larochelleptdauphine', 'gare', 'saintes']"
1033,"['gare', 'niort', 'gare', 'saintes']"
1034,"['gare', 'niort', 'gare', 'royan']"
1035,"['gare', 'angoulême', 'gare', 'saintes']"
1036,"['gare', 'angoulême', 'gare', 'royan']"
1037,"['gare', 'breilsurroya', 'gare', 'tende']"
1038,"['gare', 'cannes', 'gare', 'grasse']"
1039,"['gare', 'marseillestcharles', 'gare', 'toulon']"
1040,"['gare', 'arcsdraguignan', 'gare', 'straphaëlvalescure']"
1041,"['gare', 'niceville', 'gare', 'sospel']"
1042,"['gare', 'niceville', 'gare', 'touetdelescarène']"
1043,"['gare', 'avignoncentre', 'gare', 'miramas']"
1044,"['aixgareroutière', 'gare', 'marseillestcharles']"
1045,"['aixgareroutière', 'gare', 'gardanne']"
1046,"['gare', 'marseillestcharles', 'gare', 'sisteron']"
1047,"['gare', 'marseillestcharles', 'gare', 'martigues']"
1048,"['roannegareroutière', 'saintetiennechtx', 'gr']"
1049,"['lyonperrachegarerout', 'roannegareroutière']"
1050,"['gare', 'clellesmens', 'gare', 'veynesdévoluy']"
1051,"['gare', 'gap', 'gare', 'veynesdévoluy']"
1052,"['gare', 'rochesurforon', 'gare', 'stgervaislblefayet']"
1053,"['gare', 'annecy', 'gare', 'rochesurforon']"
1054,"['gare', 'chedde', 'gare', 'stgervaislblefayet']"
1055,"['gare', 'sarrebourg', 'gare', 'strasbourg']"
1056,"['gare', 'krimmerimeinau', 'gare', 'strasbourg']"
1057,"['gare', 'metzville', 'gare', 'strasbourg']"
1058,"['gare', 'strasbourg', 'gare', 'wissembourg']"
1059,"['gare', 'krimmerimeinau', 'gare', 'sarreguemines']"
1060,"['gare', 'colmar', 'gare', 'strasbourg']"
1061,"['gare', 'obernai', 'gare', 'strasbourg']"
1062,"['gare', 'stdiédesvosges', 'gare', 'strasbourg']"
1063,"['gare', 'mulhouse', 'gare', 'strasbourg']"
1064,"['gare', 'erstein', 'gare', 'mulhouse']"
1065,"['gare', 'mulhouse', 'gare', 'sélestat']"
1066,"['gare', 'lutterbach', 'tramtrain', 'gare', 'mulhousegarecentrale']"
1067,"['gare', 'mulhousegarecentrale', 'gare', 'thannsaintjacques']"
1068,"['gare', 'mulhousegarecentrale', 'gare', 'thann']"
1069,"['gare', 'mulhouse', 'gare', 'thannsaintjacques']"
1070,"['gare', 'mulhouse', 'gare', 'willersurthur']"
1071,"['gare', 'mulhouse', 'gare', 'thann']"
1072,"['gare', 'mulhouse', 'gare', 'wesserling']"
1073,"['gare', 'niederbronn', 'gare', 'strasbourg']"
1074,"['gare', 'conflansjarny', 'gare', 'nancyville']"
1075,"['gare', 'longuyon', 'gare', 'thionville']"
1076,"['gare', 'longwy', 'gare', 'thionville']"
1077,"['gare', 'barleduc', 'gare', 'lunéville']"
1078,"['gare', 'lunéville', 'gare', 'revigny']"
1079,"['gare', 'epernay', 'gare', 'nancyville']"
1080,"['gare', 'epernay', 'gare', 'lunéville']"
1081,"['gare', 'epernay', 'gare', 'metzville']"
1082,"['gare', 'lunéville', 'gare', 'toul']"
1083,"['gare', 'epinal', 'gare', 'metzville']"
1084,"['gare', 'metzville', 'gare', 'remiremont']"
1085,"['gare', 'metzville', 'gare', 'sarrebourg']"
1086,"['gare', 'metzville', 'gare', 'sarreguemines']"
1087,"['gare', 'nancyville', 'gare', 'strasbourg']"
1088,"['gare', 'lunéville', 'gare', 'strasbourg']"
1089,"['gare', 'lunéville', 'gare', 'metzville']"
1090,"['gare', 'nancyville', 'gare', 'toul']"
1091,"['gare', 'culmontchalindrey', 'gare', 'vittel']"
1092,"['gare', 'parisest', 'gare', 'vittel']"
1093,"['gare', 'charlevillemézières', 'gare', 'longuyon']"
1094,"['gare', 'charlevillemézières', 'gare', 'thionville']"
1095,"['gare', 'champagneardenne', 'gare', 'charlevillemézières']"
1096,"['gare', 'champagneardenne', 'gare', 'reims']"
1097,"['gare', 'châteauthierry', 'gare', 'reims']"
1098,"['gare', 'barleduc', 'gare', 'parisest']"
1099,"['gare', 'châteauthierry', 'gare', 'parisest']"
1100,"['gare', 'barleduc', 'gare', 'châteauthierry']"
1101,"['gare', 'châlonsenchampagne', 'gare', 'parisest']"
1102,"['gare', 'parisest', 'gare', 'stdizier']"
1103,"['gare', 'epernay', 'gare', 'parisest']"
1104,"['gare', 'châteauthierry', 'gare', 'stdizier']"
1105,"['gare', 'parisest', 'gare', 'strasbourg']"
1106,"['gare', 'parisest', 'gare', 'sarrebourg']"
1107,"['gare', 'nancyville', 'gare', 'parisest']"
1108,"['gare', 'barleduc', 'gare', 'strasbourg']"
1109,"['gare', 'parisest', 'gare', 'troyes']"
1110,"['gare', 'culmontchalindrey', 'gare', 'parisest']"
1111,"['gare', 'chaumont', 'gare', 'culmontchalindrey']"
1112,"['gare', 'chaumont', 'gare', 'parisest']"
1113,"['gare', 'mulhouse', 'gare', 'parisest']"
1114,"['gare', 'mulhouse', 'gare', 'troyes']"
1115,"['gare', 'chaumont', 'gare', 'mulhouse']"
1116,"['gare', 'belfortville', 'gare', 'parisest']"
1117,"['gare', 'belfortville', 'gare', 'troyes']"
1118,"['gare', 'longueville', 'setm', 'gare', 'mulhouse']"
1119,"['gare', 'belfortville', 'gare', 'chaumont']"
1120,"['gare', 'dijonville', 'gare', 'parisest']"
1121,"['gare', 'culmontchalindrey', 'gare', 'dijonville']"
1122,"['gare', 'châlonsenchampagne', 'gare', 'reims']"
1123,"['gare', 'reims', 'gare', 'stdizier']"
1124,"['gare', 'culmontchalindrey', 'gare', 'reims']"
1125,"['gare', 'chaumont', 'gare', 'reims']"
1126,"['gare', 'culmontchalindrey', 'gare', 'stdizier']"
1127,"['gare', 'dijonville', 'gare', 'reims']"
1128,"['gare', 'dijonville', 'gare', 'stdizier']"
1129,"['gare', 'epernay', 'gare', 'reims']"
1130,"['gare', 'champagneardenne', 'gare', 'sedan']"
1131,"['gare', 'aulnoye', 'aymeries', 'gare', 'valenciennes']"
1132,"['gare', 'maubeuge', 'gare', 'valenciennes']"
1133,"['gare', 'hirson', 'gare', 'valenciennes']"
1134,"['gare', 'busigny', 'gare', 'maubeuge']"
1135,"['gare', 'aulnoye', 'aymeries', 'gare', 'tergnier']"
1136,"['gare', 'aulnoye', 'aymeries', 'gare', 'st', 'quentin']"
1137,"['gare', 'lille', 'flandres', 'gare', 'maubeuge']"
1138,"['gare', 'aulnoye', 'aymeries', 'gare', 'lille', 'flandres']"
1139,"['gare', 'jeumont', 'gare', 'lille', 'flandres']"
1140,"['gare', 'hirson', 'gare', 'lille', 'flandres']"
1141,"['gare', 'charlevillemézières', 'gare', 'lille', 'flandres']"
1142,"['gare', 'béthune', 'gare', 'lille', 'flandres']"
1143,"['gare', 'calais', 'ville', 'gare', 'rang', 'fl', 'verton', 'ber']"
1144,"['gare', 'calais', 'ville', 'gare', 'etaples', 'touquet']"
1145,"['gare', 'cambrai', 'ville', 'gare', 'douai']"
1146,"['gare', 'douai', 'gare', 'valenciennes']"
1147,"['gare', 'douai', 'gare', 'lens']"
1148,"['gare', 'lille', 'flandres', 'gare', 'st', 'quentin']"
1149,"['gare', 'cambrai', 'ville', 'gare', 'lille', 'flandres']"
1150,"['gare', 'douai', 'gare', 'st', 'quentin']"
1151,"['gare', 'lille', 'flandres', 'gare', 'tourcoing']"
1152,"['gare', 'boulogne', 'ville', 'gare', 'lille', 'europe']"
1153,"['gare', 'calais', 'ville', 'gare', 'lille', 'europe']"
1154,"['gare', 'arras', 'gare', 'calais', 'fréthun']"
1155,"['gare', 'lille', 'europe', 'gare', 'rang', 'fl', 'verton', 'ber']"
1156,"['gare', 'calais', 'fréthun', 'gare', 'lille', 'europe']"
1157,"['gare', 'dunkerque', 'gare', 'lille', 'europe']"
1158,"['gare', 'amiens', 'gare', 'dunkerque']"
1159,"['gare', 'calais', 'ville', 'gare', 'dunkerque']"
1160,"['gare', 'dunkerque', 'gare', 'hazebrouck']"
1161,"['gare', 'lille', 'flandres', 'gare', 'st', 'omer']"
1162,"['gare', 'calais', 'ville', 'gare', 'lille', 'flandres']"
1163,"['gare', 'arras', 'gare', 'hazebrouck']"
1164,"['gare', 'arras', 'gare', 'dunkerque']"
1165,"['gare', 'arras', 'gare', 'béthune']"
1166,"['gare', 'hazebrouck', 'gare', 'lens']"
1167,"['gare', 'béthune', 'gare', 'lens']"
1168,"['gare', 'arras', 'gare', 'calais', 'ville']"
1169,"['gare', 'hirson', 'gare', 'laon']"
1170,"['gare', 'beauvaisgaresncf', 'gare', 'paris', 'gare', 'nord']"
1171,"['gare', 'paris', 'gare', 'nord', 'gare', 'persanbeaumont']"
1172,"['gare', 'creil', 'gare', 'paris', 'gare', 'nord']"
1173,"['gare', 'abancourt', 'gare', 'creil']"
1174,"['gare', 'abancourt', 'gare', 'beauvaisgaresncf']"
1175,"['gare', 'compiègne', 'gare', 'paris', 'gare', 'nord']"
1176,"['gare', 'compiègne', 'gare', 'creil']"
1177,"['gare', 'paris', 'gare', 'nord', 'gare', 'tergnier']"
1178,"['gare', 'creil', 'gare', 'st', 'quentin']"
1179,"['gare', 'abbeville', 'gare', 'albert']"
1180,"['gare', 'amiens', 'gare', 'compiègne']"
1181,"['gare', 'paris', 'gare', 'nord', 'gare', 'stjustsncf']"
1182,"['gare', 'clermontdeloise', 'gare', 'paris', 'gare', 'nord']"
1183,"['gare', 'amiens', 'gare', 'laon']"
1184,"['gare', 'laon', 'gare', 'tergnier']"
1185,"['gare', 'lille', 'flandres', 'gare', 'rouenrivedroite']"
1186,"['gare', 'abancourt', 'gare', 'amiens']"
1187,"['gare', 'aulnoye', 'aymeries', 'gare', 'laon']"
1188,"['gare', 'laon', 'gare', 'paris', 'gare', 'nord']"
1189,"['gare', 'crépyenvalois', 'gare', 'laon']"
1190,"['gare', 'parisstlazare', 'gare', 'vernongiverny']"
1191,"['gare', 'oissel', 'gare', 'parisstlazare']"
1192,"['gare', 'manteslajolie', 'gare', 'vernongiverny']"
1193,"['gare', 'havre', 'gare', 'montivilliers']"
1194,"['gare', 'havre', 'gare', 'rolleville']"
1195,"['gare', 'fécamp', 'gare', 'havre']"
1196,"['gare', 'havre', 'gare', 'rouenrivedroite']"
1197,"['gare', 'elbeufstaubin', 'gare', 'yvetot']"
1198,"['gare', 'rouenrivedroite', 'gare', 'yvetot']"
1199,"['gare', 'evreux', 'normandie', 'gare', 'parisstlazare']"
1200,"['gare', 'parisstlazare', 'gare', 'serquigny']"
1201,"['gare', 'bueil', 'gare', 'manteslajolie']"
1202,"['gare', 'dieppe', 'gare', 'rouenrivedroite']"
1203,"['gare', 'evreux', 'normandie', 'gare', 'lisieux']"
1204,"['gare', 'caen', 'gare', 'lisieux']"
1205,"['gare', 'caen', 'gare', 'coutances']"
1206,"['gare', 'caen', 'gare', 'stlô']"
1207,"['gare', 'caen', 'gare', 'dol']"
1208,"['gare', 'dol', 'gare', 'granville']"
1209,"['gare', 'argentan', 'gare', 'granville']"
1210,"['gare', 'caen', 'gare', 'granville']"
1211,"['gare', 'alençon', 'gare', 'caen']"
1212,"['gare', 'argentan', 'gare', 'caen']"
1213,"['gare', 'rennes', 'gare', 'retiers']"
1214,"['gare', 'janzé', 'gare', 'rennes']"
1215,"['gare', 'dol', 'gare', 'rennes']"
1216,"['gare', 'montreuilsurille', 'gare', 'rennes']"
1217,"['gare', 'rennes', 'gare', 'stmalo']"
1218,"['gare', 'lannion', 'gare', 'plouarettrégor']"
1219,"['gare', 'callac', 'gare', 'carhaix']"
1220,"['gare', 'callac', 'gare', 'guingamp']"
1221,"['gare', 'guingamp', 'gare', 'paimpol']"
1222,"['gare', 'brohinière', 'gare', 'rennes']"
1223,"['gare', 'brest', 'gare', 'lannion']"
1224,"['gare', 'brest', 'gare', 'rennes']"
1225,"['gare', 'quimper', 'gare', 'vannes']"
1226,"['gare', 'quimper', 'gare', 'rennes']"
1227,"['gare', 'châteauduloir', 'gare', 'mans']"
1228,"['gare', 'alençon', 'gare', 'mans']"
1229,"['gare', 'alençon', 'gare', 'tours']"
1230,"['gare', 'alençon', 'gare', 'châteauduloir']"
1231,"['gare', 'mans', 'gare', 'nantes']"
1232,"['gare', 'angersstlaud', 'gare', 'nantes']"
1233,"['gare', 'croisic', 'gare', 'mans']"
1234,"['gare', 'angersstlaud', 'gare', 'mans']"
1235,"['gare', 'mans', 'gare', 'sablésursarthe']"
1236,"['gare', 'laval', 'gare', 'rennes']"
1237,"['gare', 'mans', 'gare', 'rennes']"
1238,"['gare', 'laval', 'gare', 'nantes']"
1239,"['gare', 'croisic', 'gare', 'rennes']"
1240,"['gare', 'nantes', 'gare', 'stnazaire']"
1241,"['gare', 'croisic', 'gare', 'nantes']"
1242,"['gare', 'nantes', 'gare', 'redon']"
1243,"['gare', 'nantes', 'gare', 'quimper']"
1244,"['gare', 'brest', 'gare', 'nantes']"
1245,"['gare', 'nantes', 'gare', 'savenay']"
1246,"['gare', 'nantes', 'gare', 'saumur']"
1247,"['gare', 'cholet', 'gare', 'saumur']"
1248,"['gare', 'rochesuryon', 'gare', 'nantes']"
1249,"['gare', 'sablesdolonne', 'gare', 'nantes']"
1250,"['gare', 'chantonnay', 'gare', 'rochesuryon']"
1251,"['gare', 'sablesdolonne', 'gare', 'saumur']"
1252,"['gare', 'nantes', 'gare', 'stepazanne']"
1253,"['gare', 'nantes', 'gare', 'pornic']"
1254,"['gare', 'ancenis', 'gare', 'nantes']"
1255,"['gare', 'nantes', 'gare', 'sucésurerdre']"
1256,"['gare', 'nantes', 'gare', 'nortsurerdre']"
1257,"['gare', 'châteaubrianttt', 'gare', 'nantes']"
1258,"['gare', 'clisson', 'gare', 'nantes']"
1259,"['gare', 'nantes', 'gare', 'orléans']"
1260,"['gare', 'croisic', 'gare', 'orléans']"
1261,"['gare', 'croisic', 'gare', 'tours']"
1262,"['gare', 'nantes', 'gare', 'tours']"
1263,"['gare', 'angersstlaud', 'gare', 'tours']"
1264,"['gare', 'saumur', 'gare', 'tours']"
1265,"['gare', 'thouars', 'gare', 'tours']"
1266,"['gare', 'bressuire', 'gare', 'tours']"
1267,"['gare', 'angersstlaud', 'gare', 'thouars']"
1268,"['gare', 'bloischambord', 'gare', 'orléans']"
1269,"['gare', 'orléans', 'gare', 'stpierredescorps']"
1270,"['gare', 'reignac', 'gare', 'tours']"
1271,"['gare', 'parisausterlitz', 'gare', 'vendôme']"
1272,"['gare', 'châteaudun', 'gare', 'parisausterlitz']"
1273,"['gare', 'châteaudun', 'gare', 'parisgaredelyon']"
1274,"['gare', 'parisgaredelyon', 'gare', 'vendôme']"
1275,"['gare', 'parisbercy', 'gare', 'vendôme']"
1276,"['gare', 'châteaudun', 'gare', 'voves']"
1277,"['gare', 'tours', 'gare', 'voves']"
1278,"['gare', 'blérélacroix', 'gare', 'tours']"
1279,"['gare', 'staignannoyers', 'gare', 'tours']"
1280,"['gare', 'tours', 'gare', 'vierzon']"
1281,"['gare', 'bourges', 'gare', 'tours']"
1282,"['gare', 'nevers', 'gare', 'tours']"
1283,"['gare', 'saumur', 'gare', 'thouars']"
1284,"['gare', 'montluçonville', 'gare', 'vallonensully']"
1285,"['gare', 'commentry', 'gare', 'vallonensully']"
1286,"['gare', 'commentry', 'gare', 'stamandmontrondorval']"
1287,"['gare', 'bourges', 'gare', 'commentry']"
1288,"['gare', 'salbris', 'gare', 'valençay']"
1289,"['gare', 'bourges', 'gare', 'orléans']"
1290,"['gare', 'orléans', 'gare', 'vierzon']"
1291,"['gare', 'nevers', 'gare', 'orléans']"
1292,"['gare', 'nevers', 'gare', 'vierzon']"
1293,"['gare', 'argentonsurcreuse', 'gare', 'orléans']"
1294,"['gare', 'châteauroux', 'gare', 'orléans']"
1295,"['gare', 'limogesbénédictins', 'gare', 'orléans']"
1296,"['gare', 'limogesbénédictins', 'gare', 'vierzon']"
1297,"['gare', 'argentonsurcreuse', 'gare', 'limogesbénédictins']"
1298,"['gare', 'chartres', 'gare', 'voves']"
1299,"['gare', 'angersstlaud', 'gare', 'chartres']"
1300,"['gare', 'poitiers', 'gare', 'tours']"
1301,"['gare', 'niort', 'gare', 'poitiers']"
1302,"['gare', 'rochelleville', 'gare', 'poitiers']"
1303,"['gare', 'rochelleville', 'gare', 'niort']"
1304,"['gare', 'rochesuryon', 'gare', 'tours']"
1305,"['gare', 'rochelleville', 'gare', 'rochefort']"
1306,"['gare', 'bordeauxstjean', 'gare', 'saintes']"
1307,"['gare', 'royan', 'gare', 'saintes']"
1308,"['gare', 'angoulême', 'gare', 'larochelleptdauphine']"
1309,"['gare', 'angoulême', 'gare', 'rochelleville']"
1310,"['gare', 'bordeauxstjean', 'gare', 'larochelleptdauphine']"
1311,"['gare', 'bordeauxstjean', 'gare', 'rochelleville']"
1312,"['gare', 'angoulême', 'gare', 'bordeauxstjean']"
1313,"['gare', 'bordeauxstjean', 'gare', 'libourne']"
1314,"['gare', 'angoulême', 'gare', 'coutras']"
1315,"['gare', 'bordeauxstjean', 'gare', 'coutras']"
1316,"['gare', 'bordeauxstjean', 'gare', 'stmariensstyzan']"
1317,"['gare', 'bordeauxstjean', 'gare', 'brivelagaillarde']"
1318,"['gare', 'bordeauxstjean', 'gare', 'périgueux']"
1319,"['gare', 'bordeauxstjean', 'gare', 'condatlelardin']"
1320,"['gare', 'bordeauxstjean', 'gare', 'tulle']"
1321,"['gare', 'condatlelardin', 'gare', 'périgueux']"
1322,"['gare', 'mussidan', 'gare', 'périgueux']"
1323,"['gare', 'bordeauxstjean', 'gare', 'limogesbénédictins']"
1324,"['gare', 'bergerac', 'gare', 'bordeauxstjean']"
1325,"['gare', 'bordeauxstjean', 'gare', 'sarlat']"
1326,"['gare', 'bordeauxstjean', 'gare', 'buisson']"
1327,"['gare', 'buisson', 'gare', 'périgueux']"
1328,"['gare', 'agen', 'gare', 'limogesbénédictins']"
1329,"['gare', 'monsempronlibos', 'gare', 'périgueux']"
1330,"['gare', 'bordeauxstjean', 'gare', 'morcenx']"
1331,"['gare', 'bordeauxstjean', 'gare', 'pauillac']"
1332,"['gare', 'lesparre', 'gare', 'pessac']"
1333,"['gare', 'bordeauxstjean', 'gare', 'macau']"
1334,"['gare', 'macau', 'gare', 'pessac']"
1335,"['gare', 'arcachon', 'gare', 'bordeauxstjean']"
1336,"['gare', 'biganosfacture', 'gare', 'bordeauxstjean']"
1337,"['gare', 'bordeauxstjean', 'gare', 'hendaye']"
1338,"['gare', 'bayonne', 'gare', 'dax']"
1339,"['gare', 'bayonne', 'gare', 'hendaye']"
1340,"['gare', 'agen', 'gare', 'marmande']"
1341,"['gare', 'bordeauxstjean', 'gare', 'marmande']"
1342,"['gare', 'agen', 'gare', 'langon']"
1343,"['gare', 'bayonne', 'gare', 'tarbes']"
1344,"['gare', 'bordeauxstjean', 'gare', 'pau']"
1345,"['gare', 'bordeauxstjean', 'gare', 'tarbes']"
1346,"['gare', 'bordeauxstjean', 'gare', 'lourdes']"
1347,"['gare', 'dorat', 'gare', 'poitiers']"
1348,"['gare', 'limogesbénédictins', 'gare', 'stjunien']"
1349,"['gare', 'limogesbénédictins', 'gare', 'styrieixlaperche']"
1350,"['gare', 'eymoutiersvassiviere', 'gare', 'limogesbénédictins']"
1351,"['gare', 'limogesbénédictins', 'gare', 'montluçonville']"
1352,"['gare', 'felletingare', 'gare', 'guéret']"
1353,"['gare', 'bordeauxstjean', 'gare', 'montluçonville']"
1354,"['gare', 'bordeauxstjean', 'gare', 'guéret']"
1355,"['gare', 'bordeauxstjean', 'gare', 'ussel']"
1356,"['gare', 'périgueux', 'gare', 'ussel']"
1357,"['gare', 'souterraine', 'gare', 'limogesbénédictins']"
1358,"['gare', 'châteauroux', 'gare', 'limogesbénédictins']"
1359,"['gare', 'rodez', 'gare', 'toulousematabiau']"
1360,"['gare', 'carmaux', 'gare', 'toulousematabiau']"
1361,"['gare', 'brivelagaillarde', 'gare', 'rodez']"
1362,"['gare', 'colomiers', 'gare', 'toulousematabiau']"
1363,"['gare', 'lislejourdain', 'gers', 'gare', 'saintcyprienarènes']"
1364,"['gare', 'colomiers', 'gare', 'saintcyprienarènes']"
1365,"['gare', 'carcassonne', 'gare', 'toulousematabiau']"
1366,"['gare', 'capdenac', 'gare', 'toulousematabiau']"
1367,"['gare', 'tessonnières', 'gare', 'toulousematabiau']"
1368,"['gare', 'aurillac', 'gare', 'clermontferrand']"
1369,"['gare', 'arvant', 'gare', 'clermontferrand']"
1370,"['gare', 'pamiers', 'gare', 'toulousematabiau']"
1371,"['gare', 'latourdecarolenveitg', 'gare', 'toulousematabiau']"
1372,"['gare', 'foix', 'gare', 'latourdecarolenveitg']"
1373,"['gare', 'brivelagaillarde', 'gare', 'toulousematabiau']"
1374,"['gare', 'cahors', 'gare', 'toulousematabiau']"
1375,"['gare', 'montaubanvillebourbon', 'gare', 'toulousematabiau']"
1376,"['gare', 'brivelagaillarde', 'gare', 'cahors']"
1377,"['gare', 'agen', 'gare', 'toulousematabiau']"
1378,"['gare', 'stsulpice', 'tarn', 'gare', 'toulousematabiau']"
1379,"['gare', 'muret', 'gare', 'toulousematabiau']"
1380,"['gare', 'boussens', 'gare', 'toulousematabiau']"
1381,"['gare', 'montréjeaugourdanpol', 'gare', 'toulousematabiau']"
1382,"['gare', 'tarbes', 'gare', 'toulousematabiau']"
1383,"['gare', 'clermontferrand', 'gare', 'durtolnohanent']"
1384,"['gare', 'clermontferrand', 'gare', 'stgermaindesfossés']"
1385,"['gare', 'clermontferrand', 'gare', 'nevers']"
1386,"['gare', 'clermontferrand', 'gare', 'viclecomte']"
1387,"['gare', 'brioude', 'gare', 'clermontferrand']"
1388,"['gare', 'clermontferrand', 'gare', 'issoire']"
1389,"['gare', 'clermontferrand', 'gare', 'lioran']"
1390,"['gare', 'brivelagaillarde', 'gare', 'neussargues']"
1391,"['gare', 'clermontferrand', 'gare', 'nîmes']"
1392,"['gare', 'nevers', 'gare', 'viclecomte']"
1393,"['gare', 'moulinssurallier', 'gare', 'viclecomte']"
1394,"['gare', 'stgermaindesfossés', 'gare', 'viclecomte']"
1395,"['gare', 'issoire', 'gare', 'moulinssurallier']"
1396,"['gare', 'issoire', 'gare', 'riomchâtelguyon']"
1397,"['gare', 'riomchâtelguyon', 'gare', 'viclecomte']"
1398,"['gare', 'issoire', 'gare', 'stgermaindesfossés']"
1399,"['gare', 'gannat', 'gare', 'issoire']"
1400,"['gare', 'gannat', 'gare', 'viclecomte']"
1401,"['gare', 'brioude', 'gare', 'gannat']"
1402,"['gare', 'brioude', 'gare', 'moulinssurallier']"
1403,"['gare', 'clermontferrand', 'gare', 'dijonville']"
1404,"['gare', 'dijonville', 'gare', 'moulinssurallier']"
1405,"['gare', 'clermontferrand', 'gare', 'lyonperrache']"
1406,"['gare', 'narbonne', 'gare', 'perpignan']"
1407,"['gare', 'lunel', 'gare', 'narbonne']"
1408,"['gare', 'montpelliersaintroch', 'gare', 'narbonne']"
1409,"['gare', 'cerbère', 'gare', 'narbonne']"
1410,"['gare', 'montpelliersaintroch', 'gare', 'perpignan']"
1411,"['gare', 'nîmes', 'gare', 'toulousematabiau']"
1412,"['gare', 'montpelliersaintroch', 'gare', 'toulousematabiau']"
1413,"['gare', 'carcassonne', 'gare', 'narbonne']"
1414,"['gare', 'carcassonne', 'gare', 'nîmes']"
1415,"['gare', 'perpignan', 'gare', 'toulousematabiau']"
1416,"['gare', 'cerbère', 'gare', 'toulousematabiau']"
1417,"['gare', 'carcassonne', 'gare', 'perpignan']"
1418,"['gare', 'avignoncentre', 'gare', 'sète']"
1419,"['gare', 'montpelliersaintroch', 'gare', 'nîmes']"
1420,"['gare', 'avignoncentre', 'gare', 'montpelliersaintroch']"
1421,"['gare', 'avignoncentre', 'gare', 'narbonne']"
1422,"['gare', 'nîmes', 'gare', 'sète']"
1423,"['gare', 'lunel', 'gare', 'sète']"
1424,"['gare', 'montpelliersaintroch', 'gare', 'sète']"
1425,"['gare', 'lunel', 'gare', 'montpelliersaintroch']"
1426,"['gare', 'avignoncentre', 'gare', 'nîmes']"
1427,"['gare', 'nîmes', 'gare', 'perpignan']"
1428,"['gare', 'narbonne', 'gare', 'nîmes']"
1429,"['gare', 'cerbère', 'gare', 'nîmes']"
1430,"['gare', 'avignoncentre', 'gare', 'perpignan']"
1431,"['gare', 'avignoncentre', 'gare', 'cerbère']"
1432,"['gare', 'béziers', 'gare', 'marseillestcharles']"
1433,"['gare', 'marseillestcharles', 'gare', 'narbonne']"
1434,"['gare', 'marseillestcharles', 'gare', 'montpelliersaintroch']"
1435,"['gare', 'cerbère', 'gare', 'montpelliersaintroch']"
1436,"['gare', 'génolhac', 'gare', 'nîmes']"
1437,"['gare', 'bastidestlaurent', 'gare', 'nîmes']"
1438,"['gare', 'nîmes', 'gare', 'vauvert']"
1439,"['gare', 'béziers', 'gare', 'stchélydapcher']"
1440,"['gare', 'béziers', 'gare', 'millau']"
1441,"['gare', 'millau', 'gare', 'stchélydapcher']"
1442,"['gare', 'montpelliersaintroch', 'gare', 'stchélydapcher']"
1443,"['gare', 'marseillestcharles', 'gare', 'miramas']"
1444,"['gare', 'avignoncentre', 'gare', 'orange']"
1445,"['gare', 'avignoncentre', 'gare', 'avignontgv']"
1446,"['gare', 'avignoncentre', 'gare', 'carpentras']"
1447,"['gare', 'avignontgv', 'gare', 'carpentras']"
1448,"['gare', 'avignontgv', 'gare', 'marseillestcharles']"
1449,"['gare', 'cavaillon', 'gare', 'marseillestcharles']"
1450,"['gare', 'gardanne', 'gare', 'marseillestcharles']"
1451,"['gare', 'aixenprovence', 'gare', 'manosquegréoux']"
1452,"['gare', 'manosquegréoux', 'gare', 'marseillestcharles']"
1453,"['gare', 'aubagne', 'gare', 'marseillestcharles']"
1454,"['gare', 'aubagne', 'gare', 'marseilleblancarde']"
1455,"['gare', 'cannes', 'gare', 'menton']"
1456,"['gare', 'antibes', 'gare', 'grasse']"
1457,"['gare', 'cannes', 'gare', 'arcsdraguignan']"
1458,"['gare', 'cannes', 'gare', 'straphaëlvalescure']"
1459,"['gare', 'hyères', 'gare', 'marseillestcharles']"
1460,"['gare', 'hyères', 'gare', 'toulon']"
1461,"['gare', 'arcsdraguignan', 'gare', 'toulon']"
1462,"['gare', 'carnoules', 'gare', 'toulon']"
1463,"['gare', 'marseillestcharles', 'gare', 'menton']"
1464,"['gare', 'ambérieuenbugey', 'gare', 'mâconville']"
1465,"['gare', 'ambérieuenbugey', 'gare', 'bourgenbresse']"
1466,"['gare', 'bourgenbresse', 'gare', 'mâconville']"
1467,"['gare', 'chambérychalleseaux', 'gare', 'moûtierssalinsbrides']"
1468,"['gare', 'aixlesbainslerevard', 'gare', 'bourgstmaurice']"
1469,"['gare', 'ambérieuenbugey', 'gare', 'chambérychalleseaux']"
1470,"['gare', 'chambérychalleseaux', 'gare', 'grenoble']"
1471,"['gare', 'annecy', 'gare', 'stgervaislblefayet']"
1472,"['gare', 'bellegardesv', 'gare', 'gare', 'rochesurforon']"
1473,"['gare', 'grenoble', 'ugières', 'gare', 'valenceville']"
1474,"['gare', 'grenoble', 'ugières', 'gare', 'stmarcellin']"
1475,"['gare', 'stmarcellin', 'gare', 'valenceville']"
1476,"['gare', 'grenoble', 'gare', 'stmarcellin']"
1477,"['gare', 'grenoble', 'ugières', 'gare', 'rives']"
1478,"['gare', 'grenoble', 'ugières', 'gare', 'standrélegaz']"
1479,"['gare', 'grenoble', 'gare', 'standrélegaz']"
1480,"['gare', 'grenoble', 'gare', 'rives']"
1481,"['gare', 'gap', 'gare', 'grenoble']"
1482,"['gare', 'clellesmens', 'gare', 'grenoble']"
1483,"['gare', 'grenoble', 'gare', 'veynesdévoluy']"
1484,"['gare', 'chambérychalleseaux', 'gare', 'rives']"
1485,"['gare', 'lyonpartdieu', 'gare', 'mâconville']"
1486,"['gare', 'lyonperrache', 'gare', 'mâconville']"
1487,"['gare', 'lyonperrache', 'gare', 'valenceville']"
1488,"['gare', 'lyonpartdieu', 'gare', 'valenceville']"
1489,"['gare', 'mâconville', 'gare', 'valenceville']"
1490,"['gare', 'marseillestcharles', 'gare', 'valenceville']"
1491,"['gare', 'mâconville', 'gare', 'pierrelatte']"
1492,"['gare', 'avignoncentre', 'gare', 'mâconville']"
1493,"['gare', 'avignoncentre', 'gare', 'valenceville']"
1494,"['gare', 'avignoncentre', 'gare', 'lyonperrache']"
1495,"['gare', 'firminy', 'gare', 'lyonperrache']"
1496,"['gare', 'firminy', 'gare', 'stetiennechâteaucreux']"
1497,"['gare', 'lyonperrache', 'gare', 'stetiennechâteaucreux']"
1498,"['gare', 'givorsville', 'gare', 'lyonperrache']"
1499,"['gare', 'bourgenbresse', 'gare', 'oyonnax']"
1500,"['gare', 'lyonperrache', 'gare', 'oyonnax']"
1501,"['gare', 'bourgenbresse', 'gare', 'lyonperrache']"
1502,"['gare', 'bourgenbresse', 'gare', 'lyonpartdieu']"
1503,"['gare', 'lyonperrache', 'gare', 'roanne']"
1504,"['gare', 'ambérieuenbugey', 'gare', 'stetiennechâteaucreux']"
1505,"['gare', 'ambérieuenbugey', 'gare', 'givorsville']"
1506,"['gare', 'lyonpartdieu', 'gare', 'stetiennechâteaucreux']"
1507,"['gare', 'givorsville', 'gare', 'lyonpartdieu']"
1508,"['gare', 'ambérieuenbugey', 'gare', 'lyonpartdieu']"
1509,"['gare', 'roanne', 'gare', 'stetiennechâteaucreux']"
1510,"['gare', 'lyonperrache', 'gare', 'vienne']"
1511,"['gare', 'vienne', 'gare', 'villefranchesursaône']"
1512,"['gare', 'mâconville', 'gare', 'vienne']"
1513,"['gare', 'lyonperrache', 'gare', 'villefranchesursaône']"
1514,"['gare', 'lyonperrache', 'gare', 'standrélegaz']"
1515,"['gare', 'bourgoinjallieu', 'gare', 'lyonperrache']"
1516,"['gare', 'die', 'gare', 'romansbourgdepéage']"
1517,"['gare', 'lyonperrache', 'gare', 'sathonayrillieux']"
1518,"['gare', 'montbrison', 'gare', 'stetiennechâteaucreux']"
1519,"['gare', 'boën', 'gare', 'stetiennechâteaucreux']"
1520,"['gare', 'puyenvelay', 'gare', 'stetiennechâteaucreux']"
1521,"['gare', 'basmonistrol', 'gare', 'stetiennechâteaucreux']"
1522,"['gare', 'lyonstpaul', 'gare', 'sainbel']"
1523,"['gare', 'larbresle', 'gare', 'lyonstpaul']"
1524,"['gare', 'lozanne', 'gare', 'tassin']"
1525,"['gare', 'brignais', 'gare', 'lyonstpaul']"
1526,"['gare', 'larochemigennes', 'gare', 'parisgaredelyon']"
1527,"['gare', 'montereau', 'gare', 'parisgaredelyon']"
1528,"['gare', 'larochemigennes', 'gare', 'parisbercy']"
1529,"['gare', 'corbigny', 'gare', 'parisbercy']"
1530,"['gare', 'corbigny', 'gare', 'parisgaredelyon']"
1531,"['gare', 'auxerrestgervais', 'gare', 'parisbercy']"
1532,"['gare', 'clamecy', 'gare', 'parisbercy']"
1533,"['gare', 'clamecy', 'gare', 'parisgaredelyon']"
1534,"['gare', 'avallon', 'gare', 'parisbercy']"
1535,"['gare', 'avallon', 'gare', 'parisgaredelyon']"
1536,"['gare', 'auxerrestgervais', 'gare', 'parisgaredelyon']"
1537,"['gare', 'auxerrestgervais', 'gare', 'dijonville']"
1538,"['gare', 'chalonsursaône', 'gare', 'dijonville']"
1539,"['gare', 'issurtille', 'gare', 'laumesalésia']"
1540,"['gare', 'bourgenbresse', 'gare', 'dijonville']"
1541,"['gare', 'chalonsursaône', 'gare', 'mâconville']"
1542,"['gare', 'corbigny', 'gare', 'larochemigennes']"
1543,"['gare', 'dijonville', 'gare', 'montchanin']"
1544,"['gare', 'dijonville', 'gare', 'creusot']"
1545,"['gare', 'autun', 'gare', 'dijonville']"
1546,"['gare', 'chalonsursaône', 'gare', 'montchanin']"
1547,"['gare', 'etang', 'gare', 'montchanin']"
1548,"['gare', 'autun', 'gare', 'nevers']"
1549,"['gare', 'montchanin', 'gare', 'paraylemonial']"
1550,"['gare', 'decize', 'gare', 'moulinssurallier']"
1551,"['gare', 'cosnesurloire', 'gare', 'nevers']"
1552,"['gare', 'cosnesurloire', 'gare', 'decize']"
1553,"['gare', 'belfortville', 'gare', 'besançonviotte']"
1554,"['gare', 'dijonville', 'gare', 'doleville']"
1555,"['gare', 'belfortville', 'gare', 'epinal']"
1556,"['gare', 'belfortville', 'gare', 'montbéliardville']"
1557,"['gare', 'delle', 'gare', 'meroux']"
1558,"['gare', 'besançonmouillère', 'gare', 'valdahon']"
1559,"['gare', 'besançonmouillère', 'gare', 'morteau']"
1560,"['gare', 'besançonviotte', 'gare', 'saintclaude']"
1561,"['gare', 'doleville', 'gare', 'pontarlier']"
1562,"['gare', 'andelot', 'gare', 'doleville']"
1563,"['gare', 'besançonviotte', 'gare', 'lyonperrache']"
1564,"['gare', 'lyonpartdieu', 'gare', 'mouchard']"
1565,"['gare', 'besançonviotte', 'gare', 'lyonpartdieu']"
1566,"['gare', 'lyonperrache', 'gare', 'mouchard']"
1567,"['gare', 'besançonviotte', 'gare', 'bourgenbresse']"
1568,"['gare', 'belfortville', 'gare', 'lyonpartdieu']"
1569,"['gare', 'belfortville', 'gare', 'bourgenbresse']"
1570,"['gare', 'belfortville', 'gare', 'lyonperrache']"
1571,"['gare', 'lonslesaunier', 'gare', 'lyonperrache']"
1572,"['gare', 'belfortville', 'gare', 'lonslesaunier']"
1573,"['gare', 'besançonviotte', 'gare', 'lonslesaunier']"
1574,"['gare', 'bourgenbresse', 'gare', 'mouchard']"
